time,event,age,CEA,ALB,NLR,LDH
1.9531,0,48.9022,5.7464,43.7149,2.1076,231.6903
0.0442,1,48.7148,7.5752,45.1523,0.7968,240.7486
0.6034,0,53.9536,4.8964,34.1695,2.5782,195.9378
0.1588,1,63.1230,6.5945,27.5628,1.4682,229.7954
1.1709,0,42.9182,1.6818,38.9082,3.4767,128.0924
0.8178,1,57.9937,6.5840,38.9995,2.7332,150.5951
0.2605,1,69.3237,10.0410,49.4701,2.6427,211.6178
2.2909,0,67.2672,7.3591,38.6314,1.0960,260.7185
3.0644,0,46.2530,4.5921,46.2540,1.3678,153.5995
1.2232,1,67.3041,3.8923,33.3161,2.5926,196.8051
0.6151,1,60.3984,6.9195,37.6133,1.5822,140.8983
3.1393,1,70.3073,7.7174,42.3195,1.7890,173.7572
3.3371,0,58.4150,3.2973,48.7885,3.1517,243.1592
0.9934,0,66.9628,4.0199,40.0516,1.2414,110.3326
0.8846,0,54.6298,3.5423,53.0031,1.3650,280.3154
0.7995,1,62.3044,3.7338,36.6096,2.8493,238.7468
1.3141,1,70.5977,0.0339,42.2514,1.3183,260.4594
2.6190,1,62.0092,1.8946,40.4365,1.7583,167.2024
0.6163,0,67.1352,7.0137,48.6220,1.0848,148.3818
0.6918,0,60.5912,9.4109,44.2553,3.3617,213.0285
0.6403,1,60.0351,5.7257,48.9823,2.1809,294.8086
2.5080,1,77.5440,4.3513,40.3475,1.0657,197.1515
0.1216,1,66.4434,8.8188,41.5922,1.4975,162.1213
0.4060,1,67.2043,5.7692,38.5419,3.1051,47.8827
0.1587,1,72.0868,3.6247,35.5534,1.5611,162.8245
0.7160,0,44.8640,7.0828,36.5031,0.9492,193.1960
0.7231,1,66.2570,1.7110,35.0318,2.5033,132.0694
0.9643,1,75.6964,3.5909,35.9833,3.4638,231.4155
2.6900,0,60.8507,4.2177,41.7968,2.7368,210.2508
0.7796,1,48.1747,1.0252,34.4214,5.0662,222.9811
0.3983,1,57.8498,-0.8421,39.0351,1.9869,296.2206
1.3220,0,66.7651,9.1661,44.7634,1.2685,164.0785
0.8659,1,50.1303,5.7714,40.2546,1.1049,307.5790
0.0241,1,77.5790,6.3856,33.7702,2.7739,281.2681
0.8438,0,56.4371,6.8125,34.4389,0.8171,196.9174
3.7247,0,42.9277,3.8424,45.0776,1.0131,245.9165
1.2367,1,49.6611,-2.4127,39.1646,2.3117,245.3644
2.3162,0,54.2617,2.3849,35.6466,1.3366,166.7568
0.2241,0,57.7131,7.4125,45.1911,1.7620,139.1777
2.2964,1,53.2647,0.4738,54.0341,1.6696,254.4961
1.0997,1,54.9098,6.9152,41.8945,1.0519,145.9163
1.1121,0,67.3587,3.1501,36.1376,1.5101,206.4148
1.2060,0,43.9522,3.3003,43.4182,1.9712,202.3676
1.0984,1,52.7033,5.8459,32.1591,2.8641,151.8272
0.6406,1,68.9062,3.7774,41.7287,1.2723,215.7602
0.7912,0,75.3378,3.0413,42.7006,1.0227,226.2135
1.1093,1,66.1916,5.2372,36.1600,1.9242,183.3178
4.4256,0,64.9037,-2.1625,43.7397,1.1785,263.3101
0.2008,0,57.6951,6.1801,45.9032,0.7987,206.8031
0.8450,1,52.1643,6.7261,35.5905,1.9655,83.2386
0.0958,1,53.1216,5.5534,48.9412,4.1594,157.9575
2.0430,1,56.8879,7.6723,36.8148,1.5593,90.1134
0.7765,1,60.7752,7.7300,34.5760,1.7501,272.6090
1.0565,0,58.6064,2.5033,36.5246,0.7775,238.5157
2.0406,1,48.3867,6.0848,36.4179,1.3638,271.0794
2.1346,1,64.0387,2.2949,37.0533,2.1824,135.0634
4.2985,0,71.5906,0.6073,47.1715,2.1762,115.1016
0.7917,1,90.1173,9.1921,42.6721,1.2448,343.8232
1.2100,0,43.1651,14.7201,44.4022,1.2275,245.9658
0.0300,0,53.1897,0.0942,37.7983,3.2921,232.9069
1.9422,0,64.4079,1.6809,47.0060,1.4715,237.9602
3.0551,0,63.3753,-0.4093,37.8945,1.3295,227.5096
2.3137,0,53.2086,7.1078,43.9623,0.9671,188.4595
1.9372,0,41.5813,0.8670,40.4808,3.0945,219.0139
0.9994,1,54.8923,1.3264,42.3334,1.3878,246.1210
2.1962,0,58.4312,4.3293,36.8296,2.6194,242.3149
2.1354,0,46.2943,7.4228,45.5708,0.7328,152.7325
2.0461,0,67.9646,11.5585,38.2352,0.7928,143.1548
0.7332,1,54.8137,8.2336,40.2307,2.2623,206.5511
1.1441,1,62.3590,7.8067,36.9768,2.2527,322.7592
1.1523,0,50.4452,5.8981,39.0133,1.9990,182.0114
0.1558,0,61.2658,5.5406,45.1051,0.7495,269.1490
0.0024,1,65.6628,9.4438,43.3410,5.7007,218.7119
0.6632,1,60.8166,9.2145,40.4952,1.6953,113.9032
0.5066,1,68.6690,5.2507,37.0754,1.1552,206.6784
3.8635,1,59.0773,4.5025,42.8164,0.9405,195.9986
3.9964,0,63.2028,-4.9365,47.3286,1.1993,186.1706
1.2594,1,69.3252,4.0529,44.3781,1.8206,146.6621
1.6974,0,47.4460,8.2999,42.5796,1.3135,210.9358
0.8129,0,67.0260,14.0953,42.2247,2.3236,129.0943
0.5680,1,67.5426,-0.2936,34.3897,2.6980,177.9072
4.2911,0,47.5564,-0.3129,41.2199,1.3475,181.8446
1.0141,1,58.4392,6.0106,32.7443,1.2350,143.3458
1.0589,1,59.3056,9.8906,39.5295,2.3124,269.4466
1.3979,0,63.8551,3.1870,40.1699,1.2601,212.2358
0.2808,0,55.6983,7.6423,42.5439,1.8472,163.3334
0.0111,0,60.2051,2.5551,33.3489,2.1805,177.8068
0.2839,0,45.0666,6.8157,39.7211,1.3956,165.7290
2.0167,1,54.9752,3.1286,40.7328,1.6696,146.3540
1.3972,0,65.4248,3.3915,40.6989,1.1801,207.2110
2.8931,1,49.1471,2.0273,46.5941,2.4510,178.6955
0.5767,1,63.8107,5.1242,35.8372,2.7807,230.7098
1.1949,1,68.7302,7.8177,47.4659,3.4035,196.1039
1.1186,0,37.2026,6.0770,39.6367,1.7957,290.1846
0.0714,0,67.7722,-1.0476,36.0394,1.0581,152.5554
1.5178,1,82.8073,3.8248,42.2457,1.2212,266.2310
0.0292,1,53.4480,10.3175,45.4549,1.4086,199.6378
0.2584,1,75.1965,1.3980,44.8292,1.7826,211.5880
0.5095,1,58.8100,8.0651,40.6540,1.7404,271.7229
0.5693,0,53.8235,4.2218,40.8233,1.3574,146.5830
4.5100,0,50.2397,2.5758,43.1883,1.3538,125.1500
1.4307,1,63.7650,3.1657,38.5292,1.4734,190.4331
1.6308,1,73.2685,2.0029,38.6978,1.0398,177.1864
4.2064,1,67.1594,3.1474,40.8127,2.5593,185.1487
1.6885,1,72.5179,11.8187,31.4030,1.6296,159.3814
1.7323,0,53.4268,4.4917,41.6432,2.6740,209.1432
3.0132,1,54.1412,5.4249,42.6481,1.3619,151.7946
1.3058,0,59.7837,7.2083,46.8056,1.2175,198.9552
3.2417,0,64.7362,1.9458,46.1106,1.3521,89.6034
4.0551,0,53.5728,6.9826,39.6035,1.0026,220.0535
1.5292,1,68.5371,5.6264,36.9348,1.1798,138.8608
1.9911,1,60.8084,5.2039,50.2870,1.6288,165.6619
0.8237,1,49.2134,9.0173,24.8466,1.1456,237.2589
3.0622,0,64.3855,4.2617,39.7740,1.8825,268.0684
2.5357,1,40.6206,4.8420,39.4976,1.5600,155.5024
2.8526,1,69.3408,5.8001,33.8583,1.0870,158.4588
0.5283,1,65.2434,4.6077,40.4439,3.6802,128.4515
2.9912,1,61.5753,-0.0356,37.4412,1.1699,256.5395
0.9858,1,52.5313,7.0686,41.2679,1.8556,252.4377
0.0568,1,56.1114,5.0989,27.2607,2.4486,228.6138
2.5956,1,61.8041,7.6363,34.8681,2.9870,149.5708
2.4919,0,54.8471,6.0482,36.2826,1.2242,290.8123
2.2257,0,62.3958,3.1148,37.8583,1.6130,185.0654
0.9161,1,64.6482,8.0180,36.8877,2.6552,164.2470
1.0377,0,52.5328,4.4812,44.4578,1.4456,166.3168
1.3575,1,75.0480,3.2812,34.7239,2.1776,174.8228
0.7070,1,76.1909,7.0583,41.0386,1.9519,159.5989
0.9565,1,61.4622,-1.1338,39.1090,2.2840,217.7371
1.6768,1,66.9512,5.8988,38.5054,2.4063,164.1413
0.0496,1,43.1297,5.9102,46.3958,1.4938,309.7308
3.1193,0,52.1179,1.8318,39.0709,1.3006,141.2483
0.8227,1,56.1931,9.3399,31.9679,1.1598,283.9073
1.0299,1,85.7203,3.3767,38.6207,2.2020,203.3359
0.0225,1,68.3994,-0.3045,39.8014,1.8225,158.7254
0.3588,0,65.0089,1.3652,43.5653,0.9310,167.9244
3.3418,0,46.2506,2.9397,39.5696,1.7065,199.2791
1.9097,1,54.6367,6.8689,31.0596,2.0124,184.8371
0.3395,1,66.8316,4.8774,44.6373,1.2330,162.8878
2.9567,1,58.1751,4.5932,33.5861,1.2919,235.8035
4.3741,0,57.1961,6.2074,39.0962,1.2079,216.1557
0.7050,1,65.5247,3.8017,42.5980,1.5835,222.0182
2.1061,1,65.0738,12.1401,38.4261,0.7331,133.2175
3.4835,0,69.3274,6.4699,47.5787,1.3566,142.1217
3.3537,1,53.3571,8.8021,47.8385,1.6676,143.2402
1.4437,1,73.0549,10.1747,34.4757,2.1756,167.3990
3.8648,0,84.2585,3.7615,44.6572,1.8391,233.7462
0.2274,0,45.3542,2.7074,33.0167,1.0080,161.4153
3.0943,0,58.0722,8.0988,45.7169,2.4482,277.9109
0.2030,0,42.8637,5.9467,30.5804,1.3622,272.3651
3.7753,1,51.8912,3.7610,40.6153,1.0578,166.3400
1.1483,0,60.7878,4.5765,36.6364,2.1320,189.8697
3.8340,1,60.8021,-2.5007,40.2463,2.3879,126.5738
0.6079,0,33.5056,2.3326,40.3081,0.8213,229.6012
0.3922,0,72.1317,4.8513,36.7477,2.8140,136.6938
1.1234,0,66.2219,1.3672,39.4167,1.0769,206.4116
0.0493,1,59.1499,8.7451,51.7034,1.5972,263.9110
0.6368,0,56.1170,2.0559,46.4139,3.6512,226.3305
1.0205,0,46.9451,2.0896,39.2580,1.0527,174.7612
0.9299,0,65.7466,6.5388,34.1578,1.2108,168.9196
0.5345,0,56.5807,7.0856,44.4693,0.9970,179.0770
2.3005,0,50.2898,8.6282,33.5295,1.7093,198.5345
0.7562,1,64.2918,3.7106,44.3950,1.4466,136.9296
0.7111,1,66.0730,6.0817,32.1267,2.4505,85.8492
1.3667,1,53.1394,7.4297,35.5226,1.4800,241.6303
0.3743,1,72.3845,3.1465,36.1524,1.5990,247.6458
2.1698,0,56.9028,3.9032,44.4338,1.3651,221.6729
0.0354,1,71.3628,8.0552,37.5259,4.2984,254.8701
0.4728,1,46.4475,5.9832,28.9180,3.4173,148.5039
2.7216,0,76.8876,4.9516,41.0577,0.9483,187.9982
0.9558,1,63.2491,1.9980,34.0906,1.9500,237.2412
0.0872,0,43.2421,5.3750,34.1894,1.3238,166.6215
1.3275,1,57.5385,5.2173,32.1551,1.1799,173.8241
1.0324,1,63.4000,10.7901,38.2745,2.0147,200.7836
2.0304,0,63.0988,9.0103,38.9866,0.7472,195.9456
1.2059,1,36.9457,4.6297,39.7200,2.5971,173.7653
0.9795,0,66.3057,2.8709,41.5427,1.7464,180.2051
4.3586,0,44.1498,4.4293,34.4391,1.4485,164.3911
2.5591,0,64.9899,4.5892,40.2818,1.3150,144.7097
2.2866,0,49.4465,5.0085,45.5916,0.9528,98.1803
0.8232,0,43.2466,4.5407,26.8804,1.5204,160.8484
0.6190,1,61.5627,7.7712,38.8904,1.2739,197.8819
4.0948,0,52.1391,3.6197,42.3497,1.4242,140.7653
2.9686,0,60.5714,6.6284,38.4452,1.6197,199.1058
2.3804,0,59.3093,5.1415,47.2764,2.2678,115.9197
0.6650,0,48.0846,4.6901,35.0974,1.3929,192.5519
1.1894,1,68.7703,3.7664,35.0676,1.1757,178.5193
4.0020,0,63.1762,-1.0795,47.5975,1.3990,177.4723
1.4258,0,65.0979,4.8447,43.3136,1.4469,224.8165
1.9120,1,45.0510,1.3856,36.1249,3.0059,277.7312
0.4364,0,69.3955,3.1330,32.9758,0.7421,84.6298
0.9089,0,73.9239,3.4898,36.8181,2.1793,166.9606
3.9220,1,64.4860,4.2131,46.9723,1.1288,221.4592
0.0244,0,75.4314,6.8692,33.5474,1.4887,226.6287
4.1201,0,75.4032,-0.0441,34.4065,1.5255,195.0974
0.1298,1,61.4637,6.6349,44.1807,0.8866,134.0187
3.9634,0,51.4697,5.6827,39.4376,1.5533,202.5440
0.4192,1,55.4536,3.1029,39.1681,3.4258,243.2279
2.7000,0,73.0362,8.4316,41.6417,0.7854,207.2640
0.8696,1,64.8636,3.6957,39.8459,2.0998,129.8198
1.4441,0,64.9172,8.8015,37.6135,2.8019,171.0355
0.2232,1,44.6805,6.6812,38.7906,1.9988,210.6327
0.3100,1,68.7118,5.1271,41.2333,2.7313,258.7158
3.3039,1,57.1568,6.9426,40.9661,2.0582,187.0639
0.3562,1,52.0268,2.7665,31.2760,1.4721,198.7202
1.7807,1,55.3738,8.3210,54.9989,1.6412,117.4882
0.6937,1,68.1406,3.0896,49.9973,4.1666,173.4512
0.7947,0,58.3924,7.7632,48.1920,2.2807,147.7426
0.9055,1,44.7263,9.3146,46.0281,4.0078,120.6056
2.2879,0,70.3803,0.3205,40.7735,1.6578,176.4921
0.7626,0,52.9075,3.3413,43.8397,0.9957,228.3047
0.2312,1,62.2226,-0.2631,39.2335,2.9033,189.8722
4.4513,0,47.9986,6.4736,47.3296,0.7680,222.3951
1.0319,1,61.5720,9.0602,37.2420,1.6560,253.2399
2.3199,0,65.3731,11.2898,41.1431,2.0598,227.3991
1.0148,0,58.0034,7.4727,43.5287,2.4986,121.2433
2.2684,0,61.6273,1.5184,44.8156,1.6478,211.4557
0.0339,1,47.6278,6.0984,31.8397,3.2657,135.4851
0.4747,1,60.3675,6.9622,33.5208,1.7005,308.8508
0.6288,1,65.5601,5.3347,39.3208,0.8357,154.7411
0.5229,0,54.1950,5.0712,34.3579,1.3850,132.9939
2.2012,0,60.6017,4.2229,53.8876,2.2402,78.9825
0.6276,1,42.3043,3.9156,44.9849,3.5017,207.8349
0.2742,0,53.4649,4.8611,36.3197,0.9067,187.7929
1.0871,1,73.1396,6.1842,34.7310,2.0569,297.5189
0.0963,0,49.0150,6.1812,37.1531,1.7776,205.4575
0.3596,0,60.5118,3.0945,32.0205,1.5503,222.1761
1.0553,0,59.0971,9.4447,41.3563,2.8490,146.2229
0.4966,0,52.1628,5.2510,35.8879,1.6061,237.9024
2.3010,1,46.2242,2.7804,42.2988,3.0397,155.4755
0.2614,1,68.8621,4.8669,39.8755,4.1220,137.1160
1.0640,0,75.9548,4.2290,44.1690,2.6171,183.9968
0.3231,1,51.0292,11.6572,44.4591,1.8937,203.5460
0.0942,1,66.5129,1.3404,43.6378,1.9057,370.1470
0.6227,0,55.9252,6.1583,46.2162,1.5246,184.6198
1.7347,1,68.1360,4.7532,33.6657,3.0917,175.7748
0.8737,0,74.9786,1.2797,38.9512,1.5625,198.3854
2.0815,0,55.8363,3.2112,46.5842,1.6975,206.5217
0.2785,0,80.0370,6.3144,39.0431,1.4246,215.4690
0.6209,1,65.7635,4.5289,51.7095,0.9366,278.2667
3.0791,0,59.9998,3.8216,46.7401,0.9023,235.7341
0.4912,1,48.5331,6.7423,46.7495,1.3533,288.3117
2.2092,0,69.4420,5.4745,43.6339,1.4278,208.8128
0.9312,0,49.6422,9.0304,37.6758,1.0257,246.5703
1.5249,1,67.4902,10.2077,38.3399,2.4438,151.4949
3.3512,0,47.4075,4.0965,39.6526,1.8568,283.0999
0.1834,0,65.9331,3.2670,52.2329,1.2541,222.0364
0.8769,1,57.0452,5.6031,49.2998,1.3608,227.8388
0.2168,1,51.9757,2.3014,47.6313,2.4174,348.1328
2.4166,0,58.4769,5.5690,43.3994,0.7327,126.5700
0.4666,1,56.6231,6.8061,41.2361,2.8478,253.3792
3.3824,0,58.2435,2.1445,40.9948,2.3226,188.7911
0.0909,0,57.7566,3.6614,42.2965,2.5047,190.8555
0.5607,0,63.8866,3.0913,40.7098,1.8348,248.4343
4.4039,0,40.5581,4.5791,49.6226,2.4387,188.8518
1.3467,1,66.5299,-2.3381,39.7867,1.1534,211.6275
3.1354,0,60.0053,8.6437,40.1339,2.0642,125.1972
0.5474,0,68.8883,5.2663,41.2617,1.4647,214.5488
0.9522,1,54.0995,3.9987,32.8966,1.5217,195.1959
0.2243,0,80.2309,6.7943,46.0449,2.3486,114.7640
1.3972,0,76.0082,7.6005,42.6861,1.9659,258.4263
0.0403,0,58.7235,4.0699,37.6561,1.8814,116.3759
0.5742,1,48.7888,9.0232,45.1972,1.6491,186.7852
2.4825,1,50.2609,2.4162,42.2755,1.7808,332.2263
0.0698,1,74.2882,5.7453,30.0472,2.1519,226.4506
0.1108,0,50.7179,5.5149,39.8816,0.9768,141.7478
1.5707,0,72.4616,3.2373,38.5455,1.1554,136.7374
1.5351,1,52.0622,11.7154,47.1505,1.5084,154.5731
1.0951,0,56.9872,6.2491,38.3503,1.4946,244.8752
1.4925,0,76.5674,-0.7339,43.3372,0.6721,165.6241
0.9497,0,61.3781,4.0774,37.7965,0.7671,163.3732
0.5359,1,62.6228,10.1226,27.6874,1.2323,143.6574
1.3617,0,49.5777,4.1668,41.0478,2.3790,197.6506
1.8061,1,68.8295,5.1663,40.7383,3.7348,143.3007
0.1131,1,47.5924,4.0824,33.3114,1.6243,235.2903
1.6885,0,61.4071,3.6839,36.1331,1.8867,127.9459
0.6765,0,64.4183,3.0687,39.8587,2.2151,269.3331
4.1299,1,59.2092,10.8652,40.3091,0.9072,202.9556
0.7188,0,60.6175,4.3317,47.9238,0.7521,212.7696
0.4165,1,66.8013,5.5806,31.0974,3.4455,214.6884
0.2716,0,34.4356,4.7223,43.1619,1.8933,205.6823
1.6399,0,50.9950,13.6527,31.8613,2.2108,204.0746
0.1078,1,67.2737,7.2784,39.8945,2.0966,222.9586
1.4134,1,55.0809,7.1253,41.2674,1.1000,287.5038
2.4031,1,68.5565,1.0690,43.0225,1.2159,247.5580
0.4233,1,60.6210,4.3139,41.7537,1.4834,205.3000
1.9368,0,44.3207,2.2307,40.8854,2.6341,136.9944
0.3321,1,66.5812,8.2400,52.2674,0.9405,250.5511
0.5949,0,58.9470,2.1687,40.6953,1.6084,89.4539
1.3923,1,58.3508,8.1048,33.1373,3.2500,195.0837
0.2864,1,79.3496,1.9597,41.7246,2.9036,161.6637
1.9703,1,59.6859,1.1335,43.6846,1.2315,300.6718
1.1098,1,52.7824,8.2492,40.7007,2.0164,255.0433
0.5353,0,56.2827,3.5672,39.4790,2.0715,200.0898
2.1334,0,59.3015,1.5405,38.4329,1.5431,181.4915
1.5135,1,59.0239,1.0133,31.4848,1.1099,251.0121
3.3475,1,60.6729,3.0008,39.8391,0.9059,161.5393
0.1428,1,52.6392,3.7235,38.2197,2.6867,182.1112
0.6340,1,51.8495,5.8104,26.3927,1.1259,141.4203
0.0196,1,83.1979,0.7694,30.6849,1.5716,199.3729
1.6906,1,74.5080,7.7148,43.9148,1.5626,117.4115
0.9180,1,54.4838,5.7073,45.8461,2.8048,102.0520
0.0395,1,69.5963,5.1066,32.5729,1.5223,168.3502
0.8310,1,51.2118,7.6487,40.5873,3.5890,218.7078
2.9799,0,65.0253,7.2103,43.0888,1.1370,241.1262
2.4478,0,66.1439,4.4354,41.2089,1.1975,212.8763
1.7464,1,69.9976,8.9998,33.1211,1.7891,244.7601
0.8635,1,50.5667,7.5346,37.9547,2.1259,217.3500
4.1326,0,63.0718,0.4122,45.3433,1.8370,192.4900
0.0872,1,57.2721,10.2068,35.7644,1.0937,214.6607
0.6868,1,79.0204,3.8495,45.0192,2.5985,98.0052
0.7148,1,67.1804,8.4446,44.3280,1.1620,236.8646
0.3161,0,65.3150,5.0950,42.0262,1.3042,241.1884
3.9864,0,52.9357,6.2417,37.1717,1.4329,186.3096
1.7912,0,62.9446,3.9997,39.4123,0.9545,153.0278
1.3405,1,67.2108,8.1589,47.8814,1.6471,325.2163
2.9513,1,72.4262,5.0650,37.7516,1.6210,163.2597
0.9692,0,61.0271,1.8194,44.3712,2.0842,165.2740
0.7925,1,58.4040,5.4003,31.6272,1.6249,240.9965
0.7707,1,69.9094,4.1098,30.6112,2.1905,253.4960
0.0228,0,67.7060,5.4367,42.3271,2.6088,242.3327
0.9716,1,51.1413,0.3654,34.7095,1.8444,176.8183
1.0178,0,55.9516,6.0791,40.3580,3.0704,195.5093
0.9873,1,61.7559,9.0059,41.6141,0.8242,230.1057
0.5030,0,60.9369,5.4070,45.5574,1.0677,189.5038
1.4135,0,66.5532,7.9883,38.8425,0.7385,177.8420
2.7975,0,57.4582,0.7147,31.9259,1.9143,180.5155
1.2783,1,50.9593,3.9390,41.4123,1.3644,278.6383
1.2729,0,47.0340,2.4799,34.1899,1.7722,279.3209
3.1815,0,52.6766,5.3890,35.6943,0.9080,152.7428
0.9057,0,56.6491,3.1246,38.5795,1.5762,207.1467
1.5542,1,66.5087,6.5808,42.8827,1.2412,188.8342
1.6444,0,56.0620,4.3376,44.1101,1.2501,175.7619
4.6012,0,47.8593,2.9727,45.5776,3.0777,237.1793
1.9147,0,62.1331,7.4919,28.8032,2.0080,169.9821
0.0371,1,69.2004,6.2065,37.7845,0.8922,152.2813
0.2871,1,41.2390,3.9774,39.0565,1.3144,270.5532
2.0847,1,80.2951,2.7574,46.3751,1.9526,179.9802
0.6033,1,60.6338,1.8574,46.1159,1.1614,179.3229
1.7769,0,51.2301,9.0257,34.4712,1.1192,183.0948
1.1782,0,63.7298,6.1309,33.3661,1.4633,239.2241
1.3426,1,72.9280,4.5498,42.1619,1.3030,224.4711
4.7936,0,60.5315,8.8159,48.1818,0.7936,299.4766
0.2745,1,41.6401,8.2261,43.7840,2.9350,224.3879
0.4869,1,54.2231,3.5284,41.7619,1.7469,165.0462
4.4610,1,54.8587,3.3359,36.6462,1.2236,162.0460
2.0407,1,53.1737,7.2081,43.1961,2.2672,99.8509
3.9286,0,58.2090,2.7460,36.8809,1.5308,178.4177
1.5730,0,65.4206,6.3468,42.7307,1.0112,169.3677
0.6785,0,62.3558,-1.1557,48.4099,1.3948,202.0393
2.0068,0,47.9556,3.8333,32.7300,1.0212,178.3911
1.7052,1,65.5959,1.9667,36.4800,1.1357,228.5158
0.8583,1,49.8516,5.3178,44.8350,1.5356,191.8421
0.0462,1,65.9921,0.3968,40.2262,2.9681,200.2877
0.1204,1,57.5214,9.1317,50.1165,4.0711,226.0464
0.0390,1,52.6774,6.8988,44.7434,2.0708,295.6481
1.8768,0,53.2194,3.9085,42.6682,2.1602,252.1368
0.0784,1,82.4162,7.6329,38.9433,4.3886,232.2279
2.4683,1,63.2475,4.8853,31.9198,1.2895,139.0879
1.7114,1,57.1647,5.4401,50.0486,2.8948,187.2775
1.4129,1,62.4779,3.6409,44.1776,2.8737,164.4630
0.6110,0,61.4640,5.5896,42.3575,2.0786,152.5096
2.7909,1,77.3453,1.7519,36.1407,1.4103,220.7403
1.6299,1,67.6356,3.0818,42.8709,1.6793,257.4913
4.4529,0,49.9258,5.8048,32.5783,1.0424,130.6139
2.2093,0,50.3751,9.1556,36.9781,1.2235,251.1606
2.9075,1,52.0845,4.4621,43.0461,2.5104,171.3506
2.4718,1,61.9278,2.8868,43.4888,1.5290,173.5732
2.3521,0,49.3379,4.2614,37.9442,1.8417,275.9013
0.9650,1,61.4916,2.1939,36.6739,1.3805,203.7114
2.6627,1,54.8040,6.4151,40.1776,1.6506,103.5701
0.0323,1,74.7854,9.0729,32.4597,4.1874,175.6989
0.4210,0,59.6442,9.6864,34.8857,2.6547,229.1220
0.0608,1,74.6653,7.3427,42.4456,3.5561,245.9681
1.6867,0,46.2033,3.0482,43.7340,1.8679,243.2425
1.4273,0,48.7890,8.1921,39.4245,1.1065,278.3742
3.0911,1,45.9442,4.7226,37.7762,1.5583,251.9273
4.1060,0,70.8228,3.1374,39.1873,1.4609,250.3518
0.3736,1,67.0453,6.9186,47.4599,1.5846,255.2247
3.9140,0,59.9410,2.7248,40.0852,1.5486,227.6740
1.3836,1,68.2746,6.6313,48.5311,1.8477,262.0367
2.7995,1,46.9316,3.0119,38.9984,1.1286,178.6900
1.1678,0,65.1942,2.2880,41.7893,1.5425,148.9478
2.3445,1,66.5989,4.3878,37.5286,0.9720,203.2803
0.9032,1,58.2357,2.7566,39.8646,1.6657,225.2203
0.0123,1,60.3948,6.0730,42.4769,1.6439,229.9827
1.6153,1,68.3495,5.3969,27.6244,2.5690,78.6066
1.7007,0,78.7130,2.6286,41.6674,2.0756,178.6825
4.2052,0,50.8254,6.6556,39.2074,0.8589,106.2210
0.2534,1,85.4832,6.7143,39.6661,3.8749,233.7428
2.3878,0,45.5512,12.8523,32.2488,1.2086,224.2264
0.4981,0,70.0746,11.8908,39.6273,1.1636,151.5321
1.4809,1,47.0564,5.8656,44.8245,1.0056,224.1506
1.4590,0,69.4078,8.0272,45.4654,1.4694,242.9021
0.9721,0,55.0228,5.8652,37.7033,1.2065,139.2276
1.8194,1,68.7675,3.7342,34.2540,1.9549,72.3552
0.1343,0,64.5214,5.7478,32.7213,2.3735,211.0521
3.9021,0,67.5860,5.6156,50.1669,1.7478,125.3474
2.2012,1,82.1250,2.3499,40.9723,2.4873,245.3447
0.8857,1,63.6788,6.4215,33.0654,2.3167,146.8366
1.5204,0,74.0812,4.6978,52.4149,0.3908,218.5159
2.9262,1,46.8772,8.0351,41.4839,1.6470,106.5552
0.7096,1,70.6544,7.6645,39.5781,1.1958,333.1997
4.1226,0,69.8938,0.0072,40.2263,1.8798,135.6884
0.9154,1,72.6994,6.3943,46.4931,2.5615,185.7592
0.7686,1,69.6747,7.8887,43.4359,0.6251,192.0947
2.1714,0,52.7107,0.0466,43.2224,2.1877,188.4149
1.0636,1,53.6282,11.1185,42.0752,2.1560,235.0437
2.3072,0,39.4299,3.6837,38.4806,1.3916,272.8276
0.6592,0,51.5242,2.7163,40.2599,2.1780,203.6382
0.2176,1,72.2940,1.6300,42.4410,3.8121,191.0069
0.8943,1,64.8309,9.4792,41.7252,2.9359,131.9054
1.2067,1,52.8667,3.6912,41.9311,2.0815,270.2857
1.9491,1,52.3163,8.2296,38.0424,0.7218,241.6258
2.6604,1,64.2793,5.2865,37.3616,1.6048,93.2422
0.5127,1,65.2354,6.7137,48.6757,2.0210,202.3311
2.5275,1,78.7003,-1.5645,44.9020,0.8705,168.8998
0.6811,0,46.3159,7.6995,43.7757,2.6059,171.8762
2.1608,0,48.6003,10.3452,41.4127,2.2173,177.5438
1.3936,1,76.9131,5.3987,36.0334,1.8116,283.3884
2.3789,1,66.8709,9.0600,38.0997,0.9216,234.1655
3.7113,0,42.9438,4.1607,37.6275,1.4845,188.0675
0.5413,1,43.0184,-0.9360,44.7857,2.2622,161.0126
0.2316,0,60.1443,5.6466,43.6826,2.0240,172.4339
0.3794,0,49.6234,2.9449,36.0118,1.6470,199.0503
2.4300,1,75.0339,4.1896,39.0486,2.1107,207.8359
0.5794,0,71.6384,7.2814,45.1624,2.3975,116.4882
0.3426,0,67.0441,5.7087,39.2113,0.7180,223.4453
1.3675,1,64.0592,5.5799,40.5057,1.6075,243.8609
0.0399,0,59.5432,10.1647,34.8857,0.8369,212.0349
0.5537,0,64.2982,3.7617,41.6510,0.9443,283.0000
0.0719,1,68.6085,2.5560,37.9258,2.2298,253.1606
0.0696,0,59.1913,1.5694,42.5301,1.2717,188.3176
0.9208,1,50.6442,8.6908,35.6232,1.1673,240.6146
1.7892,1,58.7827,1.1366,44.1822,3.4917,165.2370
3.2652,0,46.3632,1.3029,46.8777,1.5933,175.8551
0.0131,0,74.2088,9.2930,33.9007,1.9586,178.7777
4.5575,0,70.9326,3.0115,42.4813,1.5676,126.3405
0.6617,0,57.3707,-0.7562,36.6004,1.1577,219.0376
0.3215,0,61.8789,6.6209,48.3290,3.5752,321.7141
0.3879,0,58.8163,3.8334,45.8969,2.0310,266.5404
0.9665,1,51.9700,6.4678,39.4331,1.3844,110.2873
1.3257,0,64.3457,7.5578,43.5158,2.2762,206.2356
0.0234,1,57.7824,3.6456,36.3367,1.4728,275.3864
0.4421,1,47.1646,5.7139,40.1272,2.5343,183.0549
0.4917,1,65.6726,3.4317,40.0315,1.3331,269.7165
3.3094,0,58.9322,7.8861,39.9725,1.6830,181.6256
2.7896,1,71.9496,2.5975,43.0078,2.9976,186.0925
0.6741,1,54.6304,3.4212,46.3906,3.1797,207.7069
1.1307,0,43.2765,-3.3488,42.7323,2.2537,176.9835
1.4804,0,49.4453,5.4093,36.8238,0.8523,207.0262
0.0894,0,50.1567,2.7588,43.6560,1.5496,172.5010
1.0922,1,69.1859,-1.0834,34.0938,2.8970,127.1017
0.1214,1,76.0016,8.1477,36.9879,1.1070,180.8539
0.0620,1,53.4680,3.4034,37.9460,1.1966,241.6848
2.0850,0,64.3193,4.2015,42.5528,1.4426,241.4662
0.3097,0,64.3129,4.9369,36.2712,1.4979,195.2184
1.1786,1,58.9936,2.4451,41.6024,0.9137,224.0252
0.3507,0,52.8920,6.3845,31.9976,1.4847,137.3658
0.0436,1,74.5106,5.7278,39.9472,1.2332,180.7975
0.9872,1,53.1973,2.5188,40.8275,2.5050,266.9606
0.1523,1,41.5154,8.4157,42.9435,3.5796,233.2255
0.7020,1,56.2271,10.2029,34.6606,1.6953,213.0013
2.2309,0,61.3042,4.7028,44.4035,1.8124,235.0550
2.2600,0,59.6299,3.5713,37.2775,1.7803,172.4219
1.3304,0,55.4060,0.5172,39.7195,1.1601,249.9821
0.0324,1,52.5537,6.2090,33.2650,2.1051,169.5233
2.6047,1,67.9494,6.7392,36.3606,0.6279,239.4130
0.2283,1,64.6402,11.9016,35.1060,1.4800,174.5425
0.4729,1,45.2807,1.9557,38.8348,2.6103,198.7511
0.3515,1,66.1626,7.4651,47.2178,2.7606,130.3794
3.2435,1,77.8659,1.4665,36.3727,1.2914,150.5676
0.2886,1,45.8463,3.8547,36.2058,0.8463,138.9583
2.8042,1,74.9033,5.9942,41.5861,1.1756,239.6229
0.4458,1,59.3770,2.3876,31.9247,2.2934,180.4056
3.0603,0,50.5924,9.8606,41.3674,0.8648,157.1839
0.4201,1,59.7855,3.5533,53.6359,1.7521,248.7070
3.8173,0,55.5074,5.8411,35.7775,0.8408,154.6955
4.2161,1,64.4321,2.9072,44.7798,0.6574,223.4574
4.8518,0,39.5065,1.4975,41.7257,0.6617,209.2017
1.6867,1,62.5285,6.5135,38.0527,2.1122,283.6603
1.3056,0,45.2471,1.3402,35.8564,1.0000,170.5098
0.2097,0,69.5538,4.6066,40.4194,1.1657,164.3402
2.4625,1,59.7672,2.2595,38.8597,1.5198,159.2399
3.6633,1,44.3683,3.2178,35.0107,0.7205,246.0205
0.7147,1,51.2776,6.0705,34.3917,2.7000,200.8309
3.8800,1,63.9708,3.8518,33.5425,2.3042,149.4237
1.0488,1,81.2346,4.7023,47.7004,1.0183,229.8872
0.0036,1,62.7958,6.9400,31.4497,3.0031,147.9884
1.6649,1,57.4370,5.3909,43.4247,2.3798,219.4197
0.4187,0,67.6143,8.0791,37.4945,2.0621,266.1274
0.0073,0,54.2239,12.1394,42.9995,1.8990,267.7554
2.0115,0,54.6715,1.4911,37.0593,2.3969,198.8713
1.5341,0,52.9684,4.6785,35.6405,0.6998,198.8968
0.6058,1,67.8081,2.1586,36.6481,3.6833,130.8552
0.1519,0,54.4558,6.2386,37.8560,1.2700,200.1957
1.4264,0,68.0685,4.1764,31.8913,1.6156,197.0034
0.0505,1,72.6329,4.4255,36.3629,1.1760,186.2769
2.3493,1,62.1827,3.6217,43.0810,2.1174,129.7819
2.2491,0,68.1107,5.8081,39.8773,1.5310,219.5488
0.9139,0,63.3613,3.6939,44.7971,1.8215,110.4923
1.9545,1,54.2106,7.1143,33.8687,2.7402,257.5194
0.1101,0,69.9065,0.9203,42.7408,1.4616,167.7901
0.7527,1,79.3089,3.5207,43.9134,1.7277,130.2069
1.4785,0,52.5113,1.2917,39.6796,1.2833,180.7164
0.2458,1,61.2028,6.2453,30.3207,3.4584,112.5708
1.3008,1,58.6369,3.3211,45.3818,2.0018,265.1755
2.0352,1,67.4153,1.8240,42.8646,1.9199,266.4458
0.9328,1,82.9590,-0.0455,32.2965,1.5547,247.8899
1.7567,1,70.6110,8.8093,38.5004,1.6035,229.4935
0.0806,1,61.1627,3.8075,32.5216,2.3512,196.0089
1.9687,1,59.1529,6.6273,37.7102,1.5170,241.1766
0.1660,0,63.8210,6.4408,41.4562,1.1017,268.9386
3.3074,0,52.1823,3.4379,50.2117,1.4687,160.9009
1.7257,0,71.0643,8.0991,44.5030,1.6339,300.1910
0.5198,1,49.9725,9.2615,26.8302,3.2742,268.3171
1.1044,0,45.4759,6.0956,38.3202,2.9091,159.5052
3.2315,0,74.5636,2.8724,40.1933,1.1004,177.8209
2.0731,1,74.6052,-1.9962,34.8634,1.7322,251.3451
1.1542,1,59.3065,9.4885,43.2287,1.3848,208.0928
3.0421,1,66.2233,6.1339,29.9424,1.5485,184.6978
0.2069,1,61.5507,14.2328,29.8317,0.9669,164.0809
0.3773,1,55.1551,5.9610,35.8624,3.0300,244.6457
0.3111,0,92.6932,4.5658,46.4037,2.0786,263.9419
0.7976,1,58.0958,5.6833,30.0978,2.1008,234.0039
1.6563,1,76.8521,7.6630,38.8958,1.1096,224.2414
0.9249,1,55.9098,4.7957,34.0109,1.1984,209.9699
0.8731,1,71.2270,7.8035,36.8738,0.7002,178.1453
3.6941,0,54.6919,2.5207,32.4375,1.4031,198.4747
2.1286,1,67.8285,5.3199,38.5002,3.5571,201.8579
0.3733,0,55.2817,-2.5143,39.8185,1.1837,111.4910
0.0141,1,82.6604,3.1754,32.6782,4.7929,248.3561
3.8801,0,44.8845,5.6671,33.6644,1.3448,286.5968
0.1682,1,67.3393,5.0116,38.2374,2.3113,183.7559
0.3090,1,43.9789,0.0024,38.6720,1.5479,247.3305
1.0810,0,60.0959,3.6165,40.6766,1.6118,171.6044
0.1759,1,51.5262,7.4924,37.6136,1.9049,220.2027
2.1666,1,49.0330,11.9536,35.6020,1.1804,260.7435
2.0836,0,50.8960,4.0506,40.6695,1.4232,184.1670
0.6841,1,64.5289,-0.9450,44.6046,3.4416,276.5688
0.4162,0,75.7388,4.5104,43.7617,0.8044,170.5882
1.9045,1,56.8283,3.5322,41.6306,1.6371,267.6027
1.1056,1,53.4622,10.3754,43.4729,2.5121,182.5158
2.7631,1,57.3065,4.6173,46.2232,2.1986,140.1532
0.9769,1,62.4067,11.9522,31.8074,1.3884,268.1769
1.0448,1,59.6803,5.1943,33.8931,1.5039,189.2153
0.9647,1,65.1165,6.7158,41.6230,1.7526,308.8799
0.0847,1,78.3935,8.4137,34.3720,1.5933,246.3268
0.9709,0,59.2331,-0.5599,37.6196,1.3245,181.3017
0.0468,1,58.5171,7.5898,40.4502,1.1917,195.4694
0.3946,1,52.6276,5.8013,49.1851,2.9497,248.6000
0.2826,0,43.6390,6.9084,35.5114,0.9671,217.6003
1.4721,1,68.0408,3.2439,38.7455,1.2286,173.1037
2.2470,0,63.2964,0.0345,38.7822,1.2163,263.6239
0.1652,0,66.9732,9.6187,48.3034,2.2420,158.1849
0.2850,1,82.2479,9.2266,37.0166,2.2189,168.4712
1.4913,0,65.1893,6.2938,45.2589,1.6638,213.2255
0.9196,1,67.7975,2.5623,37.4580,1.4337,268.0052
2.3032,0,51.4182,7.4480,49.5554,1.6615,229.9357
1.2035,0,52.4814,12.5294,38.3781,2.5968,111.9519
1.6260,0,60.4634,2.6820,47.8251,1.4592,187.9420
1.1065,1,71.9552,7.4509,36.3263,0.9798,238.3703
0.3028,1,63.7096,3.6010,41.1671,2.9519,164.3058
3.6879,0,62.0265,5.8599,36.4218,0.9488,158.3417
0.0695,0,69.2806,0.5215,46.9520,0.9234,218.4444
0.6193,0,57.2621,6.2527,41.6134,1.1545,276.0030
3.6031,0,52.2024,5.7357,44.5566,1.3806,203.0898
0.3811,1,72.9512,6.1316,38.4861,1.5772,186.3861
1.3736,0,59.0495,3.4668,43.7661,2.4244,185.3056
0.2553,0,55.3315,7.5090,35.3381,1.7072,230.1860
0.4234,1,71.5418,5.9384,43.3666,1.3822,203.1966
1.9800,0,71.5803,6.2689,34.2389,1.1427,205.6599
0.0658,1,46.7159,2.1923,37.0897,2.7148,184.0775
0.5650,1,81.5865,-0.7795,34.1895,2.1780,250.5530
1.6921,0,84.0430,0.7526,37.0028,0.6659,197.8296
1.6655,0,62.6298,2.7425,39.6927,1.8425,206.8312
3.7753,0,47.8530,6.9874,31.0601,1.1495,252.0201
1.3777,1,65.1482,3.6063,30.1685,2.1239,207.2163
1.7106,0,66.9783,6.4692,37.8757,0.9772,147.7269
3.9080,0,53.2414,2.6843,31.7666,1.2125,273.5388
1.2383,0,72.4226,8.5164,43.3917,1.0484,172.2364
0.5436,1,61.0289,5.9565,41.7138,1.2907,246.6506
1.3249,1,77.9978,3.4258,37.6013,1.4207,217.9087
0.1659,0,57.9135,1.4136,35.0712,1.5166,225.1283
0.1539,1,64.3066,7.1019,32.2332,4.4010,172.5798
2.7996,1,70.4834,8.3737,45.0450,1.6822,207.2332
0.0024,1,60.4465,6.9120,45.9718,2.1723,173.3103
0.2270,1,64.7605,3.8433,44.4920,1.2477,110.7678
2.5309,0,46.7730,5.8387,38.9022,0.9138,315.2704
0.3128,0,76.5764,7.5691,37.7861,1.9054,270.9874
4.3734,0,48.3044,5.4463,39.1646,1.7712,226.3612
0.0780,1,61.5489,3.3387,38.5497,0.9009,245.8001
0.5382,1,57.1452,3.7048,39.5311,3.3938,185.1869
1.9612,0,62.5226,11.6152,37.4035,0.9874,153.3677
0.9195,1,65.3835,5.0885,40.6911,0.8524,146.6825
1.8374,0,44.5084,1.2973,35.9447,1.1696,220.8466
0.6375,0,55.5772,7.3502,36.6276,1.4092,194.3981
0.2818,1,73.9586,2.4392,33.7917,0.8277,252.7924
2.3177,0,53.1296,4.8434,45.7532,1.9548,147.2527
0.3846,0,70.0667,3.3071,33.0272,1.9657,174.9599
1.5716,1,58.6511,10.5900,40.1835,1.9062,197.9841
