章节,分值占比,掌握度,优先级,阶段,周次,时间占比,闭环判据
一元微分学,14.7%,3,0.4400,强化期(前2/3),W1-W2,14.67%,近5年真题正确率≥80% 且 大题步骤完整率100%
一元积分学,13.3%,3,0.4000,强化期(前2/3),W3-W4,13.33%,近5年真题正确率≥80% 且 大题步骤完整率100%
函数极限连续,12.0%,3,0.3600,强化期(前2/3),W5-W6,12.00%,近5年真题正确率≥80% 且 大题步骤完整率100%
多元积分学,9.3%,3,0.2800,强化期(前2/3),W7-W8,9.33%,近5年真题正确率≥80% 且 大题步骤完整率100%
多元微分学,8.0%,3,0.2400,强化期(前2/3),W8-W8,8.00%,近5年真题正确率≥80% 且 大题步骤完整率100%
级数,8.0%,3,0.2400,强化期(前2/3),W8-W8,8.00%,近5年真题正确率≥80% 且 大题步骤完整率100%
常微分方程,6.7%,3,0.2000,巩固期,W9-W12,6.67%,近5年真题正确率≥80% 且 大题步骤完整率100%
向量与方程组,6.7%,3,0.2000,巩固期,W9-W12,6.67%,近5年真题正确率≥80% 且 大题步骤完整率100%
特征值与二次型,6.7%,3,0.2000,巩固期,W9-W12,6.67%,近5年真题正确率≥80% 且 大题步骤完整率100%
行列式与矩阵,5.3%,3,0.1600,巩固期,W9-W12,5.33%,近5年真题正确率≥80% 且 大题步骤完整率100%
随机变量与分布,5.3%,3,0.1600,巩固期,W9-W12,5.33%,近5年真题正确率≥80% 且 大题步骤完整率100%
数字特征与大数定律,4.0%,3,0.1200,巩固期,W9-W12,4.00%,近5年真题正确率≥80% 且 大题步骤完整率100%
