group,value
A,7.780438
A,7.742955
A,8.790722
A,10.624604
A,6.583636
A,9.598747
A,11.864741
A,11.453436
A,7.250609
A,11.460823
A,10.079678
A,12.061450
A,9.683007
A,11.392552
A,8.925952
A,10.460885
A,12.119544
A,10.401843
A,11.427044
A,10.118231
A,10.007013
A,13.508795
A,11.288676
A,11.440866
A,12.417361
A,6.972793
A,11.251404
A,13.139271
A,10.170134
A,7.634933
A,9.569959
A,11.353027
A,8.026056
A,13.515802
A,9.287411
A,6.585549
A,7.932228
A,8.852335
A,9.542623
A,8.652932
A,8.981963
A,11.471738
B,7.929967
B,9.767688
B,13.170298
B,14.520940
B,12.600237
B,12.329769
B,10.815966
B,9.654510
B,9.855536
B,10.646459
B,11.462783
B,11.007353
B,8.861197
B,12.148131
B,13.734017
B,17.624637
B,7.764670
B,9.869835
B,12.225652
B,12.008809
B,9.873815
B,7.432068
B,10.227375
B,10.970544
B,8.421800
B,12.972558
B,10.210873
B,11.795387
B,9.293487
B,11.565816
B,12.489197
B,11.471486
B,13.120482
B,11.106231
B,11.972587
B,13.258284
B,8.663666
B,12.775470
