dose,log10_dose,replicate,inhibition_rate
0.1,-1.0,1,4.611953
0.1,-1.0,2,2.707018
0.1,-1.0,3,5.064876
0.3,-0.522879,1,8.022675
0.3,-0.522879,2,2.751125
0.3,-0.522879,3,2.751174
1.0,0.0,1,9.63098
1.0,0.0,2,7.195645
1.0,0.0,3,3.484918
3.0,0.477121,1,11.326132
3.0,0.477121,2,8.308198
3.0,0.477121,3,8.301262
10.0,1.0,1,26.709734
10.0,1.0,2,20.244007
10.0,1.0,3,20.809094
30.0,1.477121,1,52.325235
30.0,1.477121,2,50.973605
30.0,1.477121,3,54.95484
100.0,2.0,1,77.621653
100.0,2.0,2,76.108814
100.0,2.0,3,84.742672
300.0,2.477121,1,89.883593
300.0,2.477121,2,90.763506
300.0,2.477121,3,86.286677
1000.0,3.0,1,92.280039
1000.0,3.0,2,94.245955
1000.0,3.0,3,90.460206
