case,x,y,z,n,residual,equation_holds,violated_premises,refutes_FLT,note
"勾股数(3,4,5), n=2",3,4,5,2,0,True,n>=3 且 n 为整数,False,n=2 属毕达哥拉斯方程，非 FLT 范围
"勾股数(5,12,13), n=2",5,12,13,2,0,True,n>=3 且 n 为整数,False,n=2 属毕达哥拉斯方程，非 FLT 范围
"平凡解(1,1,2), n=1",1,1,2,1,0,True,n>=3 且 n 为整数,False,n=1 时 x+y=z 恒有解，非 FLT 范围
"x 为负 (-3,4,5), n=2",-3,4,5,2,0,True,n>=3 且 n 为整数; x 为正整数,False,x<0 违反正整数前提
"x 为负 (-1,2,3), n=3",-1,2,3,3,-20,False,x 为正整数,False,x<0 违反正整数前提
"y 为负 (3,-4,5), n=2",3,-4,5,2,0,True,n>=3 且 n 为整数; y 为正整数,False,y<0 违反正整数前提
"z=0 (0,0,0), n=3",0,0,0,3,0,True,x 为正整数; y 为正整数; z 为正整数,False,z=0 违反正整数前提
"z=0 (1,1,0), n=3",1,1,0,3,2,False,z 为正整数,False,z=0 违反正整数前提
"零解 (0,0,0), n=3",0,0,0,3,0,True,x 为正整数; y 为正整数; z 为正整数,False,全零违反正整数前提
"n=0 (1,1,1)",1,1,1,0,1,False,n>=3 且 n 为整数,False,n=0 违反 n>=3
"n=-1 (1,1,1)",1,1,1,-1,1.0,False,n>=3 且 n 为整数,False,n<0 违反 n>=3
"候选 (1,1,1), n=3",1,1,1,3,1,False,无（满足全部前提）,False,满足全部前提，残差应为非零
"候选 (2,3,4), n=3",2,3,4,3,-29,False,无（满足全部前提）,False,满足全部前提，残差应为非零
