真题年份,题号,章节,知识点,题型,对错,用时分钟,错因
2015,18,概率-分布,KP2,解答,0,3.3,记忆
2018,23,线代-特征值,KP15,填空,1,11.8,待补
2015,12,高数-积分,KP15,填空,1,20.7,待补
2018,11,线代-矩阵,KP17,选择,0,,概念不清
2016,15,线代-特征值,KP7,选择,1,22.4,待补
2020,16,高数-积分,KP9,填空,0,,待补
2020,9,高数-微分,KP9,选择,,12.4,待补
2016,6,概率-分布,KP9,选择,1,17.8,待补
2019,3,高数-微分,KP9,解答,1,10.3,待补
2020,7,线代-矩阵,KP3,解答,1,1.2,待补
2016,19,线代-特征值,KP9,解答,1,19.7,待补
2015,16,高数-积分,KP2,解答,1,16.2,待补
2018,13,线代-特征值,KP6,填空,1,11.5,待补
2015,23,概率-分布,KP17,选择,0,2.4,计算失误
2016,20,高数-积分,KP13,选择,0,19.8,计算失误
2016,3,高数-极限,KP14,填空,1,4.9,待补
2020,12,线代-特征值,KP10,填空,0,10.1,记忆
2016,7,线代-矩阵,KP7,解答,1,3.8,待补
2015,8,概率-分布,KP10,解答,1,7.4,待补
2019,23,高数-微分,KP14,解答,1,7.5,待补
2017,2,高数-极限,KP3,填空,1,5.9,待补
2019,8,线代-矩阵,KP4,填空,1,19.2,待补
2018,15,线代-特征值,KP1,选择,0,8.9,概念不清
2017,16,高数-微分,KP12,解答,0,23.2,计算失误
2016,23,线代-矩阵,KP12,选择,0,24.0,待补
2015,10,高数-积分,KP2,选择,1,12.7,待补
2019,12,高数-极限,KP11,填空,1,7.4,待补
2017,22,概率-分布,KP9,选择,0,20.8,审题
2015,1,高数-微分,KP11,选择,0,17.1,待补
2015,3,高数-微分,KP14,解答,1,19.4,待补
2015,13,高数-积分,KP9,解答,1,8.6,待补
2016,22,线代-矩阵,KP18,选择,0,23.5,待补
2016,4,高数-积分,KP19,解答,0,22.4,审题
2018,1,线代-特征值,KP8,填空,1,3.3,待补
2019,18,概率-分布,KP19,选择,0,3.9,概念不清
2015,20,高数-微分,KP7,填空,0,22.0,待补
2015,5,线代-特征值,KP7,解答,0,13.0,待补
2017,4,高数-微分,KP6,选择,0,17.3,计算失误
2020,3,线代-特征值,KP15,填空,0,5.8,待补
2020,19,高数-极限,KP15,解答,1,4.0,待补
2015,14,概率-分布,KP6,选择,0,16.9,待补
2017,8,概率-分布,KP18,填空,0,14.3,待补
2015,4,线代-特征值,KP3,解答,0,24.2,待补
2018,19,高数-极限,KP6,解答,0,20.1,待补
2017,6,线代-矩阵,KP18,解答,0,15.5,待补
2016,10,高数-积分,KP3,填空,0,21.8,待补
2016,11,高数-微分,KP19,解答,0,20.6,计算失误
2016,8,概率-分布,KP12,选择,0,7.8,待补
2018,4,高数-极限,KP14,选择,0,5.2,记忆
2019,2,线代-矩阵,KP13,解答,1,8.6,待补
2017,23,线代-矩阵,KP16,解答,1,2.0,待补
2017,5,高数-微分,KP13,填空,0,11.0,计算失误
2016,2,线代-矩阵,KP17,选择,0,21.0,待补
2015,2,线代-特征值,KP2,解答,1,22.7,待补
2020,6,概率-分布,KP12,解答,1,16.4,待补
2018,18,线代-矩阵,KP7,填空,0,21.6,待补
2020,11,线代-矩阵,KP5,选择,0,4.4,待补
2017,11,高数-微分,KP7,填空,0,9.8,待补
2019,22,高数-微分,KP9,填空,0,21.4,待补
2018,5,线代-矩阵,KP14,填空,0,4.2,待补
2020,22,线代-矩阵,KP14,填空,0,23.5,待补
2015,17,高数-极限,KP4,解答,1,15.2,待补
2017,19,概率-分布,KP18,选择,1,15.2,待补
2018,12,高数-极限,KP18,解答,1,3.8,待补
2016,16,概率-分布,KP16,解答,0,7.5,待补
2019,9,高数-极限,KP19,选择,0,23.5,审题
2017,18,高数-积分,KP13,解答,0,18.2,概念不清
2017,14,线代-矩阵,KP1,选择,1,20.8,待补
2017,10,高数-微分,KP9,选择,0,23.0,审题
2016,17,高数-积分,KP19,选择,0,7.8,待补
2020,18,线代-矩阵,KP19,选择,0,16.6,待补
2020,21,高数-极限,KP1,解答,0,20.2,概念不清
2015,15,概率-分布,KP9,解答,0,5.2,计算失误
2017,3,概率-分布,KP12,填空,0,19.8,审题
2020,10,线代-矩阵,KP5,填空,1,23.6,待补
2020,4,高数-微分,KP12,填空,0,15.7,概念不清
2017,15,高数-积分,KP16,选择,0,15.1,计算失误
2018,8,高数-积分,KP10,填空,0,6.4,审题
2015,22,线代-矩阵,KP6,解答,0,8.5,待补
2018,20,高数-极限,KP2,选择,0,21.2,概念不清
2019,4,线代-特征值,KP3,填空,1,24.0,待补
2019,13,高数-极限,KP8,解答,0,24.7,待补
2020,13,线代-特征值,KP19,填空,1,11.8,待补
2017,7,高数-微分,KP17,填空,1,16.6,待补
2017,21,高数-积分,KP7,填空,1,19.4,待补
