exp_id,compound,dose_raw,dose_unit,dose_uM,log10_dose_uM,inhibition,replicate,qc_flag
E0000,CmpA,0.1,uM,0.1,-1.0,0.5704601258898299,1,ok
E0001,CmpB,30000.0,nM,30.0,1.4771212547196624,0.9890523332992563,2,ok
E0002,CmpC,0.0001,mM,0.1,-1.0,0.5249075717691628,3,ok
E0003,CmpA,30.0,uM,30.0,1.4771212547196624,0.8864207981658176,1,ok
E0004,CmpB,30000.0,nM,30.0,1.4771212547196624,0.9357176438917544,2,ok
E0005,CmpC,0.03,mM,30.0,1.4771212547196624,,3,missing
E0006,CmpA,100.0,uM,100.0,2.0,1.0,1,ok
E0007,CmpB,3000.0,nM,3.0,0.47712125471966244,0.9172635482841682,2,ok
E0008,CmpC,0.03,mM,30.0,1.4771212547196624,1.0,3,ok
E0009,CmpA,10.0,uM,10.0,1.0,0.9475172870913589,1,ok
E0010,CmpB,3000.0,nM,3.0,0.47712125471966244,,2,missing
E0011,CmpC,0.001,mM,1.0,0.0,0.7696303461521937,3,ok
E0012,CmpA,100.0,uM,100.0,2.0,0.968191473699331,1,ok
E0013,CmpB,30000.0,nM,30.0,1.4771212547196624,0.9422866553316706,2,ok
E0014,CmpC,0.03,mM,30.0,1.4771212547196624,1.0,3,ok
E0015,CmpA,3.0,uM,3.0,0.47712125471966244,,1,missing
E0016,CmpB,30000.0,nM,30.0,1.4771212547196624,0.9339230959845221,2,ok
E0017,CmpC,0.03,mM,30.0,1.4771212547196624,0.9781452327866009,3,ok
E0018,CmpA,3.0,uM,3.0,0.47712125471966244,0.8990105820925203,1,ok
E0019,CmpB,100.0,nM,0.1,-1.0,0.6440003813522487,2,ok
E0020,CmpC,0.1,mM,100.0,2.0,,3,missing
E0021,CmpA,30.0,uM,30.0,1.4771212547196624,0.9259176370553567,1,ok
E0022,CmpB,100000.0,nM,100.0,2.0,1.0,2,ok
E0023,CmpC,0.003,mM,3.0,0.47712125471966244,0.9348225661487654,3,ok
E0024,CmpA,3.0,uM,3.0,0.47712125471966244,0.8363661276645944,1,ok
E0025,CmpB,100.0,nM,0.1,-1.0,1.8,2,outlier
E0026,CmpC,0.01,mM,10.0,1.0,0.9613045285389287,3,ok
E0027,CmpA,30.0,uM,30.0,1.4771212547196624,0.9786874869241933,1,ok
E0028,CmpB,30000.0,nM,30.0,1.4771212547196624,0.9631378396622695,2,ok
E0029,CmpC,0.03,mM,30.0,1.4771212547196624,0.95736406396597,3,ok
E0030,CmpA,100.0,uM,100.0,2.0,,1,missing
E0031,CmpB,1000.0,nM,1.0,0.0,0.8287542536323778,2,ok
E0032,CmpC,0.03,mM,30.0,1.4771212547196624,0.9549087269833781,3,ok
E0033,CmpA,1.0,uM,1.0,0.0,0.8320304461281428,1,ok
E0034,CmpB,30000.0,nM,30.0,1.4771212547196624,0.8786719825161502,2,ok
E0035,CmpC,0.01,mM,10.0,1.0,-0.3,3,outlier
E0036,CmpA,10.0,uM,10.0,1.0,0.8921979275665894,1,ok
E0037,CmpB,3000.0,nM,3.0,0.47712125471966244,0.8646168389513866,2,ok
E0038,CmpC,0.001,mM,1.0,0.0,0.7742829204089815,3,ok
E0039,CmpA,0.1,uM,0.1,-1.0,0.6708732489314286,1,ok
E0040,CmpB,100000.0,nM,100.0,2.0,,2,missing
E0041,CmpC,0.01,mM,10.0,1.0,0.9322794732340068,3,ok
E0042,CmpA,10.0,uM,10.0,1.0,0.9597031489683993,1,ok
E0043,CmpB,10000.0,nM,10.0,1.0,0.9638091817387529,2,ok
E0044,CmpC,0.01,mM,10.0,1.0,0.9010242303455281,3,ok
E0045,CmpA,0.1,uM,0.1,-1.0,2.5,1,outlier
E0046,CmpB,1000.0,nM,1.0,0.0,0.7537901600267476,2,ok
E0047,CmpC,0.003,mM,3.0,0.47712125471966244,0.8217095908125468,3,ok
E0048,CmpA,30.0,uM,30.0,1.4771212547196624,0.9763878107116217,1,ok
E0049,CmpB,100.0,nM,0.1,-1.0,0.6295806180053829,2,ok
E0050,CmpC,0.003,mM,3.0,0.47712125471966244,,3,missing
E0051,CmpA,10.0,uM,10.0,1.0,0.9320688045325922,1,ok
E0052,CmpB,100000.0,nM,100.0,2.0,0.9552204422626317,2,ok
E0053,CmpC,0.01,mM,10.0,1.0,0.9469805818566271,3,ok
E0054,CmpA,1.0,uM,1.0,0.0,0.7994217838653901,1,ok
E0055,CmpB,1000.0,nM,1.0,0.0,-1.0,2,outlier
E0056,CmpC,0.03,mM,30.0,1.4771212547196624,0.9758783975482126,3,ok
E0057,CmpA,30.0,uM,30.0,1.4771212547196624,0.9280596564987973,1,ok
E0058,CmpB,100000.0,nM,100.0,2.0,0.9947251021939391,2,ok
E0059,CmpC,0.01,mM,10.0,1.0,0.9464683787802538,3,ok
E0060,CmpA,3.0,uM,3.0,0.47712125471966244,,1,missing
E0061,CmpB,3000.0,nM,3.0,0.47712125471966244,0.8572090359105131,2,ok
E0062,CmpC,0.03,mM,30.0,1.4771212547196624,0.867163051811032,3,ok
E0063,CmpA,10.0,uM,10.0,1.0,0.8517861963576022,1,ok
E0064,CmpB,3000.0,nM,3.0,0.47712125471966244,0.8285116101326467,2,ok
E0065,CmpC,0.0001,mM,0.1,-1.0,1.5,3,outlier
E0066,CmpA,3.0,uM,3.0,0.47712125471966244,0.8594658238107513,1,ok
E0067,CmpB,30000.0,nM,30.0,1.4771212547196624,1.0,2,ok
E0068,CmpC,0.001,mM,1.0,0.0,0.854450254616998,3,ok
E0069,CmpA,30.0,uM,30.0,1.4771212547196624,0.9048488895084397,1,ok
E0070,CmpB,30000.0,nM,30.0,1.4771212547196624,,2,missing
E0071,CmpC,0.001,mM,1.0,0.0,0.8006228223986155,3,ok
E0072,CmpA,0.1,uM,0.1,-1.0,0.5360933100422371,1,ok
E0073,CmpB,3000.0,nM,3.0,0.47712125471966244,0.9000951336900137,2,ok
E0074,CmpC,0.03,mM,30.0,1.4771212547196624,0.9218222757240938,3,ok
E0075,CmpA,10.0,uM,10.0,1.0,-0.5,1,outlier
E0076,CmpB,100.0,nM,0.1,-1.0,0.5959846957486645,2,ok
E0077,CmpC,0.03,mM,30.0,1.4771212547196624,0.9631635840766687,3,ok
E0078,CmpA,1.0,uM,1.0,0.0,0.8976634207596894,1,ok
E0079,CmpB,10000.0,nM,10.0,1.0,0.9121740386051054,2,ok
E0080,CmpC,0.01,mM,10.0,1.0,,3,missing
E0081,CmpA,0.1,uM,0.1,-1.0,0.6334591654004429,1,ok
E0082,CmpB,1000.0,nM,1.0,0.0,0.8593300384893726,2,ok
E0083,CmpC,0.003,mM,3.0,0.47712125471966244,0.8962175044701962,3,ok
E0084,CmpA,30.0,uM,30.0,1.4771212547196624,0.892091620792791,1,ok
E0085,CmpB,100.0,nM,0.1,-1.0,3.0,2,outlier
E0086,CmpC,0.001,mM,1.0,0.0,0.7980839860358553,3,ok
E0087,CmpA,100.0,uM,100.0,2.0,0.9018534618708282,1,ok
E0088,CmpB,10000.0,nM,10.0,1.0,0.9130306851238179,2,ok
E0089,CmpC,0.01,mM,10.0,1.0,0.8506015052536237,3,ok
E0090,CmpA,3.0,uM,3.0,0.47712125471966244,,1,missing
E0091,CmpB,3000.0,nM,3.0,0.47712125471966244,0.9202802799074399,2,ok
E0092,CmpC,0.001,mM,1.0,0.0,0.9632675994940101,3,ok
E0093,CmpA,3.0,uM,3.0,0.47712125471966244,0.8990944231765207,1,ok
E0094,CmpB,100.0,nM,0.1,-1.0,0.5158570171652891,2,ok
E0095,CmpC,0.01,mM,10.0,1.0,-2.0,3,outlier
E0096,CmpA,100.0,uM,100.0,2.0,0.9499199062396594,1,ok
E0097,CmpB,1000.0,nM,1.0,0.0,0.7869696362406533,2,ok
E0098,CmpC,0.001,mM,1.0,0.0,0.8708734877330259,3,ok
E0099,CmpA,0.1,uM,0.1,-1.0,0.6303117595741218,1,ok
E0100,CmpB,10000.0,nM,10.0,1.0,,2,missing
E0101,CmpC,0.0001,mM,0.1,-1.0,0.5387251839666367,3,ok
E0102,CmpA,10.0,uM,10.0,1.0,0.9214526924378406,1,ok
E0103,CmpB,30000.0,nM,30.0,1.4771212547196624,1.0,2,ok
E0104,CmpC,0.1,mM,100.0,2.0,1.0,3,ok
E0105,CmpA,30.0,uM,30.0,1.4771212547196624,1.2,1,outlier
E0106,CmpB,100000.0,nM,100.0,2.0,0.922431931137025,2,ok
E0107,CmpC,0.001,mM,1.0,0.0,0.781313172966856,3,ok
E0108,CmpA,10.0,uM,10.0,1.0,0.8830724860175372,1,ok
E0109,CmpB,3000.0,nM,3.0,0.47712125471966244,0.9202984116995381,2,ok
E0110,CmpC,0.1,mM,100.0,2.0,,3,missing
E0111,CmpA,1.0,uM,1.0,0.0,0.8368220244989368,1,ok
E0112,CmpB,10000.0,nM,10.0,1.0,0.9221036936719849,2,ok
E0113,CmpC,0.01,mM,10.0,1.0,0.891402435207287,3,ok
E0114,CmpA,1.0,uM,1.0,0.0,0.7948253021766046,1,ok
E0115,CmpB,100.0,nM,0.1,-1.0,-0.8,2,outlier
E0116,CmpC,0.1,mM,100.0,2.0,0.9793171651347496,3,ok
E0117,CmpA,100.0,uM,100.0,2.0,1.0,1,ok
E0118,CmpB,100000.0,nM,100.0,2.0,0.9647558529431495,2,ok
E0119,CmpC,0.1,mM,100.0,2.0,0.9849790762287708,3,ok
E0120,CmpA,3.0,uM,3.0,0.47712125471966244,,1,missing
E0121,CmpB,1000.0,nM,1.0,0.0,0.7970281146519568,2,ok
E0122,CmpC,0.003,mM,3.0,0.47712125471966244,0.8998117734358014,3,ok
E0123,CmpA,3.0,uM,3.0,0.47712125471966244,0.9551617511125204,1,ok
E0124,CmpB,3000.0,nM,3.0,0.47712125471966244,0.8171504999266958,2,ok
E0125,CmpC,0.001,mM,1.0,0.0,2.0,3,outlier
E0126,CmpA,0.1,uM,0.1,-1.0,0.7086426172410194,1,ok
E0127,CmpB,100.0,nM,0.1,-1.0,0.6134833705377246,2,ok
E0128,CmpC,0.03,mM,30.0,1.4771212547196624,1.0,3,ok
E0129,CmpA,1.0,uM,1.0,0.0,0.7622221920914692,1,ok
E0130,CmpB,1000.0,nM,1.0,0.0,,2,missing
E0131,CmpC,0.001,mM,1.0,0.0,0.7978442200506641,3,ok
E0132,CmpA,3.0,uM,3.0,0.47712125471966244,0.8702018065864952,1,ok
E0133,CmpB,10000.0,nM,10.0,1.0,0.9410205474187032,2,ok
E0134,CmpC,0.001,mM,1.0,0.0,0.8221037215387309,3,ok
E0135,CmpA,1.0,uM,1.0,0.0,-1.5,1,outlier
E0136,CmpB,100000.0,nM,100.0,2.0,0.9682518491521377,2,ok
E0137,CmpC,0.0001,mM,0.1,-1.0,0.580297817687211,3,ok
E0138,CmpA,30.0,uM,30.0,1.4771212547196624,0.907622155162496,1,ok
E0139,CmpB,10000.0,nM,10.0,1.0,0.9074356479437159,2,ok
E0140,CmpC,0.0001,mM,0.1,-1.0,,3,missing
E0141,CmpA,30.0,uM,30.0,1.4771212547196624,0.9530613481386544,1,ok
E0142,CmpB,3000.0,nM,3.0,0.47712125471966244,0.902799660885184,2,ok
E0143,CmpC,0.0001,mM,0.1,-1.0,0.5982508595351756,3,ok
E0144,CmpA,100.0,uM,100.0,2.0,1.0,1,ok
E0145,CmpB,1000.0,nM,1.0,0.0,1.1,2,outlier
E0146,CmpC,0.001,mM,1.0,0.0,0.8098491922311486,3,ok
E0147,CmpA,100.0,uM,100.0,2.0,0.9358906386651085,1,ok
E0148,CmpB,3000.0,nM,3.0,0.47712125471966244,0.8904987910762818,2,ok
E0149,CmpC,0.0001,mM,0.1,-1.0,0.6312879991245401,3,ok
E0150,CmpA,100.0,uM,100.0,2.0,,1,missing
E0151,CmpB,100.0,nM,0.1,-1.0,0.6338707477087998,2,ok
E0152,CmpC,0.0001,mM,0.1,-1.0,0.7163015617659381,3,ok
E0153,CmpA,100.0,uM,100.0,2.0,0.9280256017207026,1,ok
E0154,CmpB,30000.0,nM,30.0,1.4771212547196624,0.8783576734170834,2,ok
E0155,CmpC,0.03,mM,30.0,1.4771212547196624,-0.2,3,outlier
E0156,CmpA,100.0,uM,100.0,2.0,1.0,1,ok
E0157,CmpB,100.0,nM,0.1,-1.0,0.5860051393146741,2,ok
E0158,CmpC,0.001,mM,1.0,0.0,0.7102100247067109,3,ok
E0159,CmpA,30.0,uM,30.0,1.4771212547196624,0.9433964774816882,1,ok
E0160,CmpB,30000.0,nM,30.0,1.4771212547196624,,2,missing
E0161,CmpC,0.01,mM,10.0,1.0,0.8802987810703772,3,ok
E0162,CmpA,0.1,uM,0.1,-1.0,0.534572911634023,1,ok
E0163,CmpB,10000.0,nM,10.0,1.0,0.8507895577092071,2,ok
E0164,CmpC,0.01,mM,10.0,1.0,0.859770690915055,3,ok
E0165,CmpA,1.0,uM,1.0,0.0,1.9,1,outlier
E0166,CmpB,100000.0,nM,100.0,2.0,1.0,2,ok
E0167,CmpC,0.03,mM,30.0,1.4771212547196624,0.8929514420676664,3,ok
E0168,CmpA,3.0,uM,3.0,0.47712125471966244,0.8954517290597462,1,ok
E0169,CmpB,10000.0,nM,10.0,1.0,1.0,2,ok
E0170,CmpC,0.001,mM,1.0,0.0,,3,missing
E0171,CmpA,1.0,uM,1.0,0.0,0.8564413549967309,1,ok
E0172,CmpB,10000.0,nM,10.0,1.0,0.9053340164172516,2,ok
E0173,CmpC,0.0001,mM,0.1,-1.0,0.6157681829760525,3,ok
E0174,CmpA,3.0,uM,3.0,0.47712125471966244,0.8664652643139875,1,ok
E0175,CmpB,100.0,nM,0.1,-1.0,-0.9,2,outlier
E0176,CmpC,0.001,mM,1.0,0.0,0.7898081152526929,3,ok
E0177,CmpA,1.0,uM,1.0,0.0,0.8411514023209006,1,ok
E0178,CmpB,10000.0,nM,10.0,1.0,0.9319132863621798,2,ok
E0179,CmpC,0.03,mM,30.0,1.4771212547196624,0.9691175939288937,3,ok
E0180,CmpA,100.0,uM,100.0,2.0,,1,missing
E0181,CmpB,10000.0,nM,10.0,1.0,0.8880639183016141,2,ok
E0182,CmpC,0.01,mM,10.0,1.0,0.9192774900580821,3,ok
E0183,CmpA,0.1,uM,0.1,-1.0,0.7271177466483844,1,ok
E0184,CmpB,10000.0,nM,10.0,1.0,0.9434341476065816,2,ok
E0185,CmpC,0.01,mM,10.0,1.0,2.2,3,outlier
E0186,CmpA,0.1,uM,0.1,-1.0,0.6355172170472625,1,ok
E0187,CmpB,3000.0,nM,3.0,0.47712125471966244,0.8227533779135499,2,ok
E0188,CmpC,0.0001,mM,0.1,-1.0,0.6355967924592115,3,ok
E0189,CmpA,100.0,uM,100.0,2.0,0.9946949394182242,1,ok
E0190,CmpB,30000.0,nM,30.0,1.4771212547196624,,2,missing
E0191,CmpC,0.0001,mM,0.1,-1.0,0.6451803481125727,3,ok
E0192,CmpA,1.0,uM,1.0,0.0,0.7939982358211461,1,ok
E0193,CmpB,100000.0,nM,100.0,2.0,0.9838736294664696,2,ok
E0194,CmpC,0.01,mM,10.0,1.0,0.9095332606885788,3,ok
E0195,CmpA,10.0,uM,10.0,1.0,-1.2,1,outlier
E0196,CmpB,30000.0,nM,30.0,1.4771212547196624,0.9591578991140569,2,ok
E0197,CmpC,0.01,mM,10.0,1.0,0.9977164186284144,3,ok
E0198,CmpA,100.0,uM,100.0,2.0,0.9588452560231594,1,ok
E0199,CmpB,3000.0,nM,3.0,0.47712125471966244,0.8871995725813432,2,ok
E0200,CmpC,0.001,mM,1.0,0.0,,3,missing
E0201,CmpA,1.0,uM,1.0,0.0,0.7297383870697145,1,ok
E0202,CmpB,100.0,nM,0.1,-1.0,0.7088268419100638,2,ok
E0203,CmpC,0.003,mM,3.0,0.47712125471966244,0.801680881266914,3,ok
E0204,CmpA,10.0,uM,10.0,1.0,0.9077155588226119,1,ok
E0205,CmpB,3000.0,nM,3.0,0.47712125471966244,1.4,2,outlier
E0206,CmpC,0.001,mM,1.0,0.0,0.8008516675758498,3,ok
E0207,CmpA,30.0,uM,30.0,1.4771212547196624,1.0,1,ok
E0208,CmpB,30000.0,nM,30.0,1.4771212547196624,1.0,2,ok
E0209,CmpC,0.1,mM,100.0,2.0,1.0,3,ok
E0210,CmpA,3.0,uM,3.0,0.47712125471966244,,1,missing
E0211,CmpB,10000.0,nM,10.0,1.0,0.9460914779156715,2,ok
E0212,CmpC,0.001,mM,1.0,0.0,0.8027459285169082,3,ok
E0213,CmpA,30.0,uM,30.0,1.4771212547196624,0.9548570643018938,1,ok
E0214,CmpB,100.0,nM,0.1,-1.0,0.6719385279315973,2,ok
E0215,CmpC,0.001,mM,1.0,0.0,-0.6,3,outlier
E0216,CmpA,10.0,uM,10.0,1.0,0.9146092671034985,1,ok
E0217,CmpB,30000.0,nM,30.0,1.4771212547196624,1.0,2,ok
E0218,CmpC,0.01,mM,10.0,1.0,1.0,3,ok
E0219,CmpA,0.1,uM,0.1,-1.0,0.6589980657587868,1,ok
E0220,CmpB,10000.0,nM,10.0,1.0,,2,missing
E0221,CmpC,0.1,mM,100.0,2.0,0.9120874096189029,3,ok
E0222,CmpA,1.0,uM,1.0,0.0,0.8931358978574797,1,ok
E0223,CmpB,30000.0,nM,30.0,1.4771212547196624,0.9834064640538184,2,ok
E0224,CmpC,0.1,mM,100.0,2.0,0.9200019009266237,3,ok
E0225,CmpA,30.0,uM,30.0,1.4771212547196624,2.8,1,outlier
E0226,CmpB,30000.0,nM,30.0,1.4771212547196624,0.9179727596391045,2,ok
E0227,CmpC,0.01,mM,10.0,1.0,0.9397422935563188,3,ok
E0228,CmpA,0.1,uM,0.1,-1.0,0.6528974048130766,1,ok
E0229,CmpB,10000.0,nM,10.0,1.0,0.8095773445488516,2,ok
E0230,CmpC,0.03,mM,30.0,1.4771212547196624,,3,missing
E0231,CmpA,10.0,uM,10.0,1.0,0.9448363342473912,1,ok
E0232,CmpB,10000.0,nM,10.0,1.0,0.8209799061385195,2,ok
E0233,CmpC,0.003,mM,3.0,0.47712125471966244,0.8488187802531655,3,ok
E0234,CmpA,100.0,uM,100.0,2.0,0.8916080492759465,1,ok
E0235,CmpB,100.0,nM,0.1,-1.0,-1.8,2,outlier
E0236,CmpC,0.003,mM,3.0,0.47712125471966244,0.920703150804891,3,ok
E0237,CmpA,10.0,uM,10.0,1.0,0.8955946369026668,1,ok
E0238,CmpB,1000.0,nM,1.0,0.0,0.8709980539930956,2,ok
E0239,CmpC,0.03,mM,30.0,1.4771212547196624,0.9631736745157919,3,ok
