dose_uM,response,replicate,group,outlier_flag
1.7999999999999997e-05,0.012365,2,A,0
0.0001,0.0,3,A,0
0.001,0.829474,1,A,0
0.00017999999999999998,0.907443,2,A,0
1.0,0.105188,3,A,0
10.0,0.284997,1,A,0
0.01,0.656042,3,A,0
0.1,0.967573,1,A,0
0.1,0.0,2,A,0
0.1,0.08529,3,A,0
0.0001,0.0,1,B,0
0.1,0.0,2,B,0
0.001,0.957393,1,B,0
0.001,0.094912,2,B,0
1.0,0.036233,3,B,0
10.0,0.436216,1,B,0
10.0,0.475142,2,B,0
0.01,0.521363,3,B,0
0.018,0.925182,1,B,0
100.0,0.077504,2,B,0
100.0,0.035002,3,B,0
1.7999999999999997e-05,1.0,1,C,0
1.7999999999999997e-05,0.992178,2,C,0
0.0001,0.063606,3,C,0
0.00017999999999999998,0.255768,1,C,0
0.001,0.783096,2,C,0
0.00017999999999999998,0.726438,3,C,0
0.01,0.153079,1,C,0
0.01,0.953485,2,C,0
10.0,0.88236,3,C,0
100.0,1.0,1,C,0
100.0,0.068501,2,C,0
0.1,0.028554,3,C,0
0.01,1.5,2,B,0
