dose,rep1,rep2,rep3,mean,sd,cv_pct
0.1,100.61123739637674,96.57713383839196,101.94843974453282,99.71227032643384,2.7962185409883853,2.8042873077047012
0.3,101.69944142070135,93.0246417055662,94.97120875094076,96.56509729240277,4.551746701693773,4.713656206352603
1.0,95.7996901182775,94.4674411317449,95.36576543626278,95.21096556209505,0.679480751243944,0.7136580825879743
3.0,82.30873677851227,87.5060624858215,87.20124436751985,85.6720145439512,2.9166687362354313,3.404459147787555
10.0,57.87362802082287,61.05725954904332,59.07806395489536,59.33631717492052,1.6074509233907717,2.7090507128241312
30.0,26.155443516026892,nan,25.85667310218961,26.00605830910825,0.2112625856422532,0.8123591169841432
100.0,14.552230068810845,11.767101431930268,11.362292074253245,12.560541191664788,1.7366882539840642,13.826540015143102
300.0,4.912291910864124,10.62270456009804,6.491492097869542,7.342162856277235,2.9487172991896182,40.1614259573198
1000.0,4.183392512918572,4.411975327943205,7.0653035360679395,5.2202237923099055,1.6019681555670218,30.68772947870429
