y_true,oof_logreg,oof_gbdt
1,0.6709359943221367,0.6069887419783284
0,0.42745794293568246,0.4462453700181309
0,0.2371599356257576,0.31976936513703413
0,0.5150218781700725,0.4151773591633293
0,0.06852630793648821,0.1386885205134879
0,0.8326887226133598,0.7942934299858295
0,0.1683788580280503,0.2387435592821538
0,0.521146417588447,0.5285762454130014
1,0.6439397014921,0.6109220033387355
1,0.8464774791955606,0.6971441697160684
1,0.6454114157115145,0.6844850831686061
0,0.11262893129996202,0.20288824458028742
1,0.8504430035761812,0.7268882578227054
0,0.21036977261943465,0.255527880321321
1,0.4407800397351481,0.5066765228273521
0,0.17461276415753527,0.2387435592821538
1,0.3883783131951162,0.4464715478292197
1,0.786103267633126,0.6201629481372033
0,0.048625986663906884,0.15863645051618855
1,0.6222624865340536,0.7214575751105591
1,0.16097156874267216,0.21109095006849046
0,0.4089937611406719,0.4177838925650783
1,0.3850160109902955,0.3830096406122268
0,0.10918046360409725,0.21117588815564403
0,0.48755337009742944,0.47852005052453506
0,0.07057211322603643,0.11378793246534602
0,0.49546860016508737,0.41129669265328817
0,0.5301678449508319,0.5660678946238801
0,0.11828015913929825,0.38142999851877757
1,0.8239610469725205,0.6109220033387355
1,0.9415789839637189,0.8231734577861626
0,0.054789953086509934,0.17636735720854632
0,0.23154396688144374,0.3040322865097058
0,0.12718202192913663,0.2017728344764467
0,0.4431805607868028,0.5066765228273521
0,0.11835458170222936,0.22194599553270622
0,0.28708012561943913,0.3942479339776735
1,0.6627119130527687,0.7375028950256806
0,0.36605726690111934,0.4713381535240764
0,0.6453545160273884,0.45647223493456934
0,0.25837728782538283,0.25790406593985005
0,0.5972345632681801,0.5842961660968371
1,0.6396904413949321,0.6484053228418268
0,0.23362412841954258,0.29140531218112026
0,0.24938253438878547,0.2595049017504257
0,0.27296147055801645,0.3024149122595603
0,0.13371568464930578,0.20800923908205013
1,0.4806942936147782,0.3918802743109297
1,0.8589499264579636,0.7543169118933737
0,0.1845060785825418,0.30108540047810184
0,0.60115480867317,0.44445713169160384
0,0.5100684057845674,0.4458970877018349
0,0.05971094999852023,0.38901127467618735
1,0.5733241519572991,0.6083377908373836
0,0.2288788265991713,0.28169514157249326
1,0.9946803534929964,0.9204590675150669
0,0.10686303614259077,0.258623278592551
0,0.14169810064125435,0.19496504048631247
1,0.7469886537057726,0.5572173094176767
0,0.01884193089744054,0.08943157280749282
0,0.6933287928488706,0.584450018708492
0,0.06522374728789813,0.14517001640191657
0,0.747727329291914,0.6798138577707489
0,0.5190568966804879,0.4327101196107182
1,0.8975127878711531,0.857087517207008
0,0.04999560883513231,0.16780612466990158
1,0.867768387493449,0.6920614598963926
1,0.4791648891269743,0.3975151663930686
1,0.7943722295758123,0.7332534647506603
0,0.5951569493841159,0.6050197347444181
1,0.6117693422074668,0.4546732618706572
1,0.9853725232166084,0.8655237426277184
1,0.6823641243856349,0.6201629481372033
1,0.11499691675179691,0.21001417592569005
1,0.7401652358572295,0.7358372741089295
0,0.38858428326916217,0.32735469230400027
0,0.5805315371845668,0.4952815499144361
1,0.8010190331374937,0.7130506713348538
1,0.7514409816781403,0.7035036995503521
1,0.8503106017440033,0.7543486237071221
0,0.1641453552714308,0.1732716182330477
0,0.7305596282279748,0.5903991892348067
0,0.4719511512879066,0.5705130100111013
1,0.6810947783434883,0.6810975453638948
0,0.09609321396635574,0.22067370857876634
0,0.08557845463951266,0.17387280637965769
0,0.06188055882378481,0.175279478657464
1,0.23380318234828767,0.22067370857876634
0,0.4728849710254905,0.6036761696849614
0,0.4515461543042933,0.48354555296662
0,0.288377779731419,0.3314407301740538
0,0.5388387607089836,0.5111596525279806
1,0.6442776605081134,0.6860149563276353
1,0.8779368586897899,0.7574773036455433
1,0.6265694786124745,0.5303083244297073
0,0.06582057830438126,0.12669432821879473
0,0.311541585014992,0.2708151615727994
0,0.5486648259119383,0.4916142124292476
0,0.017477525485584924,0.0546111053334071
0,0.015438445991646337,0.04391787152891845
0,0.16351971401153004,0.3031270820796947
0,0.13277419873642768,0.15942790903184662
0,0.19550194122156228,0.373705999491835
0,0.03741544125712604,0.16423851094950137
1,0.9223934800536462,0.7995910706867506
1,0.4871646324799704,0.31610482859678884
0,0.5110818845798747,0.5378667138503271
1,0.5465954848735002,0.4809779828656209
0,0.5269586137404757,0.46310474884246944
1,0.9029785303441091,0.7223980738437693
0,0.23177581788227128,0.20271784558104888
0,0.08592943057971124,0.17777263112892297
1,0.4790893742142755,0.5545933527381843
0,0.1417498352111626,0.21695703981460168
0,0.6781092455490101,0.6338442130594861
1,0.9107093436027622,0.7207574887954542
0,0.3262833491028355,0.3067329976572334
0,0.1660854794367471,0.2484488731141166
0,0.0879028266947735,0.15051928255885244
1,0.744822763254729,0.45298418921005196
0,0.24417725633752876,0.31798588132543243
0,0.4575412213760624,0.4614137545474901
1,0.7439829737910028,0.5886178859875524
1,0.8587508917958937,0.7681175307910776
0,0.05415908675935643,0.0869274575595647
0,0.17152048575666684,0.34011720747330193
0,0.22474273375331288,0.29157627804491054
0,0.2513784804555259,0.3945090794544575
0,0.5879211038279206,0.4634153603762995
1,0.5176822452805314,0.5324178989669391
0,0.01950559764212854,0.058644105573649845
0,0.6710911839732782,0.6164681842641205
0,0.7849790555115042,0.7681175307910776
1,0.7800270969598742,0.6013703430350058
1,0.4538071690529221,0.4519720497624326
1,0.9512061436934106,0.9000136120757921
0,0.04304491032117925,0.22774491768864777
1,0.6445082252374348,0.5708457414061174
1,0.5293311092559526,0.5701450370598959
0,0.23489588426070224,0.2458261865138737
0,0.08284243236326617,0.11234744873520554
0,0.6360110539155728,0.6386654533133311
0,0.14268265178080716,0.23072871579454957
0,0.3826641782017859,0.39182977418137027
0,0.39755779333417357,0.47336658191226
0,0.6662661827290061,0.45652736042766684
0,0.4687796246843595,0.6342124984924492
1,0.8156271154252608,0.8158473008493665
1,0.5736892529773903,0.5585755781701559
0,0.38083590946690327,0.38454824259290016
0,0.8299208375214966,0.6546342113412261
0,0.1444978826614352,0.3112696881906465
0,0.02546016163205525,0.09706543734258759
1,0.953760507126244,0.8461277043716142
1,0.19725135804082816,0.30501834758617624
0,0.18631336548768948,0.14660813608777754
0,0.6810940669308656,0.5668070431122628
0,0.1681745548538514,0.22535121009000975
0,0.5592343108526938,0.5701567782516512
1,0.4035324485636689,0.5536577109294355
0,0.09267886283502509,0.18024596336286974
0,0.17203963166256792,0.26889941869314976
0,0.4691208402501392,0.32837330555499883
1,0.8449144410643284,0.6135567727857264
1,0.6471876975005111,0.5189506713659158
0,0.18939506294082348,0.2642821832538345
1,0.27794568087744426,0.30284826762894274
0,0.008322783009511787,0.1272351171549096
1,0.24523832891542238,0.3172428412848981
0,0.08838263408254823,0.09805492011921813
1,0.9077495679563468,0.8297851393690456
0,0.07334219626656426,0.16000247057396058
0,0.5500616488592315,0.5529311680267975
0,0.10353443983212798,0.16883060561254246
1,0.6921051799740042,0.5597859691250713
0,0.02969692661460706,0.08030326271260367
0,0.051738489135776486,0.11363124575742525
0,0.01215706308778918,0.06409304784250035
0,0.3432873305511008,0.33346287772552025
1,0.5031085545415177,0.538903011789589
1,0.8470820402460242,0.7409300248390147
1,0.5267201882230417,0.5208040487190051
0,0.23147355348494542,0.338020415869656
1,0.9174245113528063,0.7590974709885832
1,0.4531290396827313,0.3199094040961812
0,0.7111745515820861,0.643609612756993
0,0.529424904048737,0.6344884825570515
0,0.2673632423686969,0.2975771752646063
1,0.13707609159828107,0.10204215222277577
0,0.6141748357376534,0.596644080609345
1,0.36014577204032044,0.4713381535240764
1,0.9309696817249589,0.8983379186251214
0,0.032787764533117846,0.0488123800034582
1,0.3996119237261348,0.38477039199253477
1,0.2850694314498237,0.32735469230400027
1,0.8099521958373113,0.7032411748703173
1,0.4651486513131116,0.46263028863754685
1,0.8754631596707666,0.712782267277858
1,0.8224869123009466,0.6649453285871704
0,0.17406132668946547,0.19168584476141368
1,0.5965469349320104,0.6097579891367025
1,0.3914514632412427,0.40189141490527797
1,0.8773086404010721,0.8354460384091378
1,0.8191774233583591,0.7634179696000759
0,0.20187355680463845,0.30501834758617624
0,0.45549473281514635,0.3001459650689367
0,0.23628226773677388,0.20634241744773651
0,0.35696736562134934,0.30836646413885527
1,0.31537440285886825,0.448297627608893
1,0.9681803806763615,0.8696030124962477
0,0.23766323607743398,0.19434546078783466
0,0.6022642493239241,0.4262493444233619
0,0.39984394378992116,0.43548837130369433
0,0.240647886840929,0.3093603337917171
0,0.05984905039230313,0.14731381301040733
1,0.9281608868432976,0.7031505535834316
1,0.46541158799115784,0.48514895717030293
0,0.08450997881855332,0.11661984515491007
1,0.7874308960391201,0.6883949532644341
0,0.26297868101999533,0.3648460794853071
1,0.9759470224777441,0.8183122180084759
0,0.3009701672728161,0.4594397538479555
1,0.5020893274481091,0.46263028863754685
1,0.8046121851403805,0.7574773036455433
1,0.6227610330420543,0.5189506713659158
1,0.6711946791428544,0.6110084079474676
0,0.22556213959723742,0.3194265303729719
0,0.129182264544071,0.22636633497901842
0,0.09835587356883922,0.16574776317101786
1,0.6744271882473091,0.6725026375769354
1,0.7272941328803427,0.6920614598963926
1,0.9360953420533481,0.8383269744090065
1,0.8585855774382432,0.7508812132598289
0,0.6821417529452234,0.6749781430532588
0,0.10460586732415947,0.22312540056130778
0,0.10192937285580485,0.16770596164716195
1,0.45490497065017826,0.4690302657563245
0,0.18657681937083712,0.24736486551412964
0,0.06363263788661369,0.09027974247399123
1,0.49428842316766936,0.5104696680707363
0,0.35993110093173,0.3201681272373479
0,0.08923504173257474,0.11248692925334446
0,0.5091388095887196,0.5050271863253314
1,0.697638164771727,0.7483145433826909
1,0.7856793782589395,0.44805996069696535
0,0.27257564549836505,0.4225243960313425
1,0.8868531790265561,0.7181811165605662
1,0.4623797233820468,0.4898327577368095
0,0.21339915433471715,0.30747268557524976
1,0.7941903691770072,0.5771345785718149
1,0.6316723515861467,0.5233814999573564
1,0.8170367136012034,0.6651802112467883
1,0.9171293822376391,0.7790987415512725
1,0.9454856019391031,0.6881530275780832
0,0.4562958419401775,0.44168593814832224
1,0.8301119241231583,0.713083379808128
1,0.8770371172169807,0.7666191487117084
1,0.7356994300636934,0.7357052196796563
1,0.4579007743052922,0.3235277016780616
1,0.4863402777374354,0.3744085780334631
1,0.9622897815606487,0.8669816612558282
0,0.3144206460594927,0.3875206006729861
0,0.5391172915481589,0.5164659766309074
1,0.5194313785302348,0.5516660483409577
0,0.25912213321471106,0.25612950315798616
1,0.972145267543247,0.8359318446691171
0,0.2809785811878894,0.3281646837774221
0,0.26287114368999703,0.3113006577244246
1,0.7546552278830184,0.7409300248390147
0,0.2388561038088904,0.2653540489480953
0,0.4316319066753008,0.3644182904265663
1,0.6905899334276906,0.5488546931896275
0,0.5781845850658361,0.5189506713659158
1,0.6920096209924443,0.6978247341485108
1,0.7205470498076922,0.6192082429834719
1,0.9682299193630297,0.7837887158021043
1,0.45585881312462406,0.42234322260473744
0,0.10563068910919363,0.127142101309262
0,0.5326050996133987,0.6828701559629241
1,0.9255187186272869,0.7816963643254281
1,0.6889970321494797,0.6328074640070657
0,0.7296080023455738,0.6477128682385178
0,0.21237153946213358,0.29140531218112026
1,0.8122112944368924,0.6429524940158313
1,0.9290474465926617,0.8597721882321773
1,0.06938635986022433,0.12362866798715048
0,0.5100732466115193,0.5189506713659158
1,0.4430603085370553,0.45916406375037855
1,0.6081276704793122,0.5259873752245183
0,0.02166614089478958,0.08077559322092655
0,0.0029433369168939184,0.07852242357334482
0,0.262503416443124,0.5343697515009614
1,0.6731914541859599,0.6553250570924248
1,0.5869079916496676,0.5015827309234272
0,0.05623183715619951,0.13450986950678626
0,0.3116567765020975,0.32557635920641603
0,0.1368489325149656,0.2884028947942604
1,0.7484981356513525,0.72119563808547
1,0.1332759255085623,0.18613469375129485
0,0.3388738444185089,0.3565747185650051
0,0.4059029662436485,0.42662377810549884
0,0.5443311273899029,0.571623598268223
0,0.017427026573871456,0.06983070490664803
0,0.1153828441432106,0.14916974979791645
0,0.09846612190520879,0.16223497691922578
0,0.20256079233174523,0.21449235081029305
0,0.2818721223231546,0.29140531218112026
0,0.12490368352960846,0.3151489960828082
0,0.13902505204295634,0.24961443774692219
1,0.9671152269914791,0.8285277796602039
0,0.2745182911345689,0.34408339355708395
0,0.3045212790443743,0.35851303501477677
1,0.7772244685108289,0.6342168684672944
0,0.06601847791985249,0.19908161312675948
0,0.5284290397951952,0.4851121305858322
0,0.5964314234119733,0.6763500452671213
1,0.6385258596805605,0.5684769163767097
0,0.08229921249022153,0.15288867765817507
0,0.14869188950713852,0.23305262923386877
1,0.7836341623695185,0.532152779149492
1,0.6482184471340875,0.5660678946238801
0,0.19973736355955302,0.21492843297149947
1,0.8309493240530886,0.5663168752131039
1,0.3848859425085116,0.3875206006729861
1,0.8616480691192304,0.8185901468338764
0,0.12799913820300576,0.22067370857876634
1,0.8480998090019862,0.8325095186160721
1,0.6491875480160508,0.711986978212979
1,0.6618310807614423,0.6446766609882527
0,0.07569671735381511,0.12367203952471534
0,0.4825181137980301,0.5630908332241046
0,0.7745722743045201,0.5974481275024052
0,0.1653832821898806,0.16530785261683206
1,0.1361499998823359,0.19072083882100738
0,0.4824534097457004,0.45968499573112
0,0.5267802238763235,0.5208040487190051
1,0.8057182154459439,0.6578083067688576
0,0.13024714658094694,0.22473193913260156
0,0.32537544703098886,0.4755896739690596
0,0.1508444428747345,0.20824248357556
0,0.23066550250830978,0.289878587836934
1,0.5734606770534465,0.6413793874956183
0,0.39982877684652923,0.3365742056595274
0,0.32992375432487653,0.27144267855481014
0,0.07685769304844386,0.14916974979791645
1,0.7149097564457043,0.6822144546463009
0,0.8120330789289176,0.6069887419783284
1,0.7347307483128458,0.7550057614448558
1,0.7670871335554589,0.6503540090704841
0,0.36659770827601834,0.40673692999845795
0,0.09262488401331222,0.12190547153570958
1,0.658777273066891,0.6352434112273911
0,0.33371773171503577,0.3840775570867177
0,0.16246752119711552,0.3458015560300989
1,0.45600193259974847,0.46262301925768906
0,0.13151453022314297,0.2747450680636724
1,0.5469643746625161,0.4465788183642034
1,0.6794052959867218,0.5492893361038519
0,0.7894782284578411,0.7396126226630316
0,0.161150267165848,0.20634241744773651
0,0.464851859280341,0.6372676477554671
0,0.419977096389076,0.4560866961888028
1,0.8821039776072438,0.7995910706867506
0,0.12238086913747165,0.4110788531263838
1,0.5767393105102744,0.6036761696849614
1,0.29398714122069974,0.3555252708545916
0,0.39735164363923414,0.39422655171429655
0,0.21650540388232847,0.2410311035539948
1,0.1874791524346159,0.2056166447330335
0,0.21957181392223785,0.28960538683439446
1,0.9148284760421297,0.8467400963080142
0,0.13868066843830723,0.23178532549877046
0,0.09174849834262869,0.2178930821016463
1,0.5666905639465742,0.3830096406122268
0,0.7461158394040873,0.5633027833965035
0,0.5970562753090176,0.6822144546463009
1,0.606261100186687,0.4845297587227766
0,0.10147067031163305,0.16173273985332529
1,0.6254535611239749,0.5014981810130638
0,0.5725627855176685,0.4292038594255924
1,0.7586589850015791,0.6927005958364308
0,0.7466770069327154,0.5436499762914418
0,0.5595928355317334,0.6272174975354372
1,0.24449082371271413,0.37057736066054553
0,0.6873680446304297,0.6615047595708624
1,0.1922831209531336,0.1451382475290698
0,0.11958642451562239,0.20713215980405258
1,0.5291293192146207,0.5807801026452764
0,0.5237113550113837,0.5393414305267642
1,0.8939292944400716,0.8251870985434665
0,0.23689232532851182,0.2550126590856342
1,0.7376523095612527,0.6388005001893499
1,0.16151613248048033,0.23434886080823325
1,0.9113364123516245,0.8275937497309512
0,0.14543163855741317,0.18217178826303512
0,0.18588615943996964,0.2518815491238963
0,0.2131331711153774,0.3852291768027264
0,0.16348676730085746,0.24428999981460298
0,0.16160492323567516,0.3005866593367406
1,0.07930789734311668,0.1303193540953116
0,0.1358818458061562,0.18024596336286974
1,0.5603776139797165,0.5027340780093287
0,0.2893146221732307,0.35804260470227905
1,0.5819629011927518,0.4613888085550078
0,0.48501275903190105,0.4901594224844163
0,0.8212505987165815,0.7032411748703173
1,0.5830094214727606,0.3800156635599516
0,0.2997891279119985,0.4356354826348689
0,0.10255559609179765,0.14916974979791645
0,0.34374044990086855,0.3659792725800203
0,0.14481130063341088,0.19799991543158174
0,0.43753977504268243,0.44306517876967205
0,0.30687010737005305,0.504257208129537
1,0.5580038308347924,0.6040067417049033
0,0.28194306716968526,0.2751250260065078
1,0.6079597255629923,0.5660961416046193
1,0.7006917417467841,0.6354780597887684
1,0.6298653262240991,0.6775296591822639
1,0.7891338294921404,0.6794925508065526
1,0.4732125110103364,0.4830290184664133
0,0.45413326483296385,0.47801643717043957
0,0.07448795924747037,0.14594761156621341
0,0.41269402473866285,0.47590210553540746
1,0.9472838577269073,0.8952174365116904
0,0.1764522201444021,0.3160097985928368
0,0.375234187303106,0.3378972406087559
1,0.7234853294884417,0.6538586962732892
1,0.8488651425919734,0.6160970615639069
0,0.018327773313022794,0.09874787169876602
1,0.6619642784831893,0.6160413297989602
1,0.6924811463776113,0.6069887419783284
0,0.0318434027442118,0.08625627662927454
0,0.21716600285488644,0.30561075946787963
0,0.6353618632912515,0.6344164833191948
0,0.38575465813495124,0.2745885406608353
1,0.6862040242780183,0.5097904971033007
0,0.3151768234900917,0.3302459106139098
0,0.17537147975313833,0.34571760774671106
1,0.8455147032436079,0.6240069856630924
0,0.5109367512370944,0.4032686909218699
0,0.48526462171311335,0.49633644259594323
1,0.752302634169067,0.5665147675342211
1,0.4852995878007493,0.4356354826348689
0,0.07769294286261338,0.16966575409401236
0,0.13926343365288332,0.18999184501891653
0,0.04903603729098146,0.1185860793466539
1,0.7077543213347522,0.7150875600646095
0,0.23851334630280177,0.23956573758171676
0,0.3480285101524572,0.3789984006365224
0,0.6222435260954026,0.5941291662824891
1,0.36388805860702605,0.45450373385682236
0,0.3371814039853927,0.3744085780334631
0,0.016877375509435875,0.07958895466465674
0,0.7330234988661627,0.6485168200190825
0,0.06197471821759946,0.32275503696524943
1,0.4221974089979641,0.5189506713659158
0,0.4148701052734156,0.38093598366741765
1,0.3209999267721463,0.271704995332029
1,0.5833673840472745,0.6256103553449246
0,0.06348827553998462,0.19761047135025336
1,0.7401733276307608,0.5549033098373788
1,0.7414706653622702,0.6859169537323699
1,0.443854123373415,0.48197560222818947
0,0.14195848159487168,0.22139041512340474
1,0.8653049383055691,0.7548305118137022
0,0.34533076064961293,0.394614366409297
1,0.9602759284900985,0.8994572211778599
1,0.12431157774849433,0.15390906222746414
0,0.25962602497822534,0.3489666609407771
0,0.16158638109348844,0.19469304036088741
0,0.22693737745498596,0.32352908314413387
1,0.26630342859824047,0.3618258910371376
0,0.3265099386630602,0.34594371722669115
1,0.2616890226000847,0.3185982956074003
0,0.11780819349833782,0.21042964009660625
0,0.872867329647355,0.8467400963080142
0,0.15839855244198872,0.292914576453805
1,0.3369444855691482,0.20979496134677214
1,0.4699691871390634,0.563699303167567
0,0.45772341692852947,0.40071685586545747
0,0.19394676118812174,0.225547648323902
1,0.7679837488952707,0.5055986956378427
0,0.2539689292870417,0.40005219224404653
0,0.5948834297778114,0.41791102178915024
0,0.5588540019174217,0.4934803256129902
0,0.6392211006770984,0.6110084079474676
1,0.5692171716464678,0.6471225892175304
0,0.4171807576439813,0.4864899938679655
1,0.41567480846742877,0.45511819650141105
0,0.00370268716095074,0.07049372884625119
0,0.6774663701816289,0.584450018708492
0,0.5136809904311246,0.5763906294605939
0,0.11101006038533996,0.28974184908401773
0,0.5291230455671895,0.6471225892175304
0,0.30520438471817846,0.4782726366247663
0,0.2166588868391458,0.28271369947320363
1,0.686664497917126,0.6474610224170066
0,0.39713628659984684,0.4122778967852291
1,0.7051741008713416,0.6871140095245191
1,0.5708475854032697,0.5285762454130014
0,0.18198133483519466,0.22622763192598605
0,0.043814569715879,0.21449235081029305
0,0.13970877818102306,0.2430040852732693
1,0.6340835188652958,0.5706221111059178
1,0.8574233931979485,0.7071838688502607
0,0.4878909485237139,0.5320528798201466
0,0.01862024569364905,0.14529110147309587
1,0.49387221235169637,0.4400172345396344
1,0.7548393959221522,0.6761272550952949
1,0.7607398035574278,0.7003206000742621
1,0.1301024399337116,0.19572093135750218
1,0.11084853953341596,0.22312540056130778
0,0.37727216026832705,0.42756456241286084
0,0.1529583289073339,0.2776017852916004
0,0.17098574796497543,0.2276994185489193
1,0.8293907894009273,0.8097626213758619
1,0.38215135315051374,0.39169879353633086
0,0.32501627628693075,0.26123203930438293
0,0.49959178314872416,0.6124765381291855
0,0.29258079223467104,0.517529689620536
0,0.1687141784286081,0.2347782672541195
0,0.2771705296013914,0.37729413529631317
0,0.12776764407446223,0.19799991543158174
1,0.6756005070640708,0.7125087875011666
0,0.374906850458517,0.35396845219735623
1,0.7920113602256067,0.648055501049139
0,0.012243391723518125,0.03336392194554862
0,0.10960849856878789,0.19168584476141368
0,0.7221737307112385,0.6859169537323699
0,0.2909344129533534,0.3693319786626706
1,0.8900547134206924,0.6857001439404151
0,0.12908447399862302,0.1420649915882574
0,0.6583750893386894,0.6440803518423898
0,0.4530126843991503,0.4755896739690596
0,0.03362847588727231,0.14304538426834074
1,0.47982660757371565,0.5660678946238801
0,0.051680929941232315,0.13019693585046738
1,0.8957296514896664,0.6434207405314241
1,0.2873703208104368,0.27648661865871166
1,0.5731355735771224,0.5188600929294421
0,0.087319565680033,0.1938973933761256
1,0.7152539917214074,0.6397827347259499
1,0.4165547980909534,0.37823453615667463
1,0.19318458896624446,0.18224602385360894
0,0.1983270765950448,0.18137176537725136
1,0.2985775464918011,0.3218145585145836
0,0.0025630495370789165,0.02696572519539102
0,0.05718124010544144,0.08112004389649573
1,0.9816274258815063,0.928566676660874
0,0.624492505220606,0.5975910605784592
1,0.8840790040195305,0.7816963643254281
0,0.3290470275962105,0.31160933369897315
0,0.27869138325960396,0.3413397984929784
1,0.7542550599372015,0.7419595156284572
0,0.5527505150930285,0.34594371722669115
1,0.6721237554324148,0.6160970615639069
0,0.11780844031982907,0.1364434438996155
0,0.02373891229979021,0.1475784000649296
0,0.008752203888352933,0.054996977978568624
1,0.47114293368093324,0.3635210435291084
0,0.4770594209683558,0.44445713169160384
1,0.7081680464596528,0.6283119278170228
0,0.25279196309618407,0.27247106052579206
0,0.06368362708710541,0.12814912291275787
1,0.49152531269617256,0.604664139652622
1,0.564259746116245,0.5292483744849592
0,0.2016811507451811,0.3521370206766708
1,0.2409052495567602,0.3176490682301921
0,0.11896777086158135,0.21836689678470658
1,0.7771718732081151,0.7212773599220472
0,0.205145206344314,0.3031270820796947
0,0.3166000913750235,0.38656294517301876
0,0.08568438968218647,0.08634172028190407
0,0.4452303401550067,0.3553053215379031
0,0.13572367274642305,0.28900131324033695
1,0.8902727365087172,0.8152406901277166
0,0.21610616651301487,0.36329070108907957
1,0.46399732523924014,0.43132279310734567
0,0.3988299700884184,0.41129669265328817
1,0.8444318907035616,0.7848698654120837
0,0.5764813601127025,0.5190274861082003
1,0.16774059649476372,0.225547648323902
0,0.3799221950208224,0.4755896739690596
0,0.13014925384174253,0.23820359943255306
1,0.5424248939843753,0.5739249161054415
1,0.6267044120258508,0.6844850831686061
0,0.014564221851295972,0.1475784000649296
1,0.8716221975168349,0.7328348984981861
1,0.8052783100667148,0.6758999766725239
0,0.2062030797119944,0.2300657230200588
0,0.4416114404614855,0.5155343724326895
0,0.030029804508228647,0.07451762075537115
0,0.1489368506521529,0.2140226621372067
1,0.4900867525275498,0.46262301925768906
1,0.4182439968457217,0.3275534245944699
0,0.30749469337193325,0.45233770179259103
1,0.5209665527418232,0.6581039069589518
0,0.39680102566435443,0.5117913374262121
0,0.07503013518954052,0.23820359943255306
1,0.6023315724450145,0.5706221111059178
0,0.15242412250918866,0.2670382778884564
0,0.5570572540710133,0.45121479912448526
1,0.9311756719903752,0.8438863160454141
1,0.12234553406789032,0.19761047135025336
1,0.4659815002574058,0.6471225892175304
0,0.27433256344981816,0.5050284710523343
0,0.03569248384626814,0.07878416904139834
1,0.6346238388673753,0.6259074925067766
1,0.29099194180448074,0.3176490682301921
0,0.09745917078278722,0.1694231904889749
1,0.6647701950551866,0.510243558200745
0,0.2932267524646898,0.36228533543329666
0,0.11282745583286402,0.18186230388549973
1,0.8087422954428604,0.6621249635648495
0,0.3089169835026102,0.34971908688672904
0,0.22939901598866883,0.3945090794544575
0,0.3674691798841898,0.43402240508267365
0,0.6591941564370526,0.6036761696849614
1,0.7063011056710238,0.560921114868208
0,0.16406871881047982,0.1743901818339667
0,0.20911992766368523,0.26644998573372863
0,0.2932142345310189,0.3126324200634289
1,0.7563713273490887,0.7150875600646095
0,0.05877319603658988,0.11162410479800819
0,0.306160131528471,0.3500664405383743
0,0.17497022405435458,0.30031578762450445
1,0.7415125105169239,0.4458970877018349
1,0.3761999575675109,0.3744085780334631
1,0.8036041582298017,0.8333205727728311
1,0.8185582550572469,0.7010271029045996
0,0.06977977226284647,0.2801614233317071
1,0.8005036532940039,0.7564005843172582
1,0.979823879717889,0.928566676660874
0,0.5892054961235272,0.5933075471884333
0,0.3972587136975347,0.46058797772111243
0,0.5624827607922137,0.5545933527381843
1,0.701388599213416,0.4074134474055127
0,0.4841290573328852,0.6798138577707489
1,0.8963091885829911,0.6757827097334055
0,0.029218123372423504,0.20979496134677214
0,0.13619888589517284,0.1386885205134879
0,0.14550584397988586,0.235914168459949
0,0.5135483280644413,0.6097579891367025
0,0.8047946480855723,0.6063060966621531
1,0.8446476441266183,0.738006351785899
1,0.6111599863614433,0.5677341246879405
1,0.7287389986334373,0.6451236632099826
0,0.36682923155750186,0.2972844192852097
1,0.35147536277624947,0.41022076226781634
0,0.3918406644299314,0.3538115618889241
1,0.01568922784132023,0.05557322608057681
0,0.1840991829611107,0.28743805236758324
1,0.40048958751731684,0.5958742772686899
0,0.47237270702919476,0.44306517876967205
0,0.42454447873893914,0.41645082332012057
0,0.6317875779160463,0.6775296591822639
1,0.7062995183667542,0.6069887419783284
0,0.49954838004642727,0.5285762454130014
0,0.5880051313013134,0.54334043471486
0,0.20388172224771656,0.3156398774058417
0,0.9034096913082487,0.7650207844194424
1,0.09903001071849232,0.18684790280885274
0,0.22771357928803623,0.20486913246810823
1,0.2937762164499099,0.3474996662027016
0,0.0753584329249419,0.14723415621261132
0,0.0836973562568094,0.14971770836326392
1,0.8391495323986778,0.7768696413243739
0,0.21994989732356635,0.3233803511275824
0,0.3756056451707771,0.42665708186481094
1,0.6910221251217602,0.5840579697994436
1,0.7950115600946972,0.7085413511274445
0,0.5056992373501946,0.5090683897238547
1,0.4254669960400883,0.4265711007432065
1,0.5585730537312408,0.44306517876967205
1,0.7465957662952803,0.7652692843258305
0,0.44275443135662135,0.30367112825263803
1,0.4333343239389617,0.5033054546503398
0,0.05356321657950067,0.08011828047879015
1,0.786564590604895,0.7791136579065173
1,0.4672734498610532,0.5418276042325255
1,0.6553401040460849,0.43494648693868115
1,0.9483596372869717,0.7677602317638406
0,0.30136830071396475,0.23305262923386877
1,0.9023213937944231,0.7788757166738327
0,0.2475348994996431,0.29140531218112026
1,0.6852782659125047,0.6798531969413292
0,0.06811703344553251,0.3033931662275599
1,0.840345519729114,0.5738559541931408
0,0.4820766561927102,0.4798461123718381
1,0.5306212110494825,0.6058332569863739
1,0.867566226992056,0.8231734577861626
1,0.357921543308302,0.47336658191226
0,0.4482044462265095,0.454778320180118
1,0.6719512424135509,0.5348326575749077
0,0.4396864734271616,0.46638419883615967
1,0.6206596312198482,0.7434125606395334
0,0.25761601488154884,0.33299188406668745
0,0.42923264797333766,0.42108744975100526
1,0.610963812400359,0.6492085786376397
1,0.8813012779126665,0.7351750646928265
0,0.12008765581182297,0.35451084188375714
0,0.6519968320048213,0.6167493721508152
1,0.5325594766213779,0.6197890502945564
1,0.9741534614853149,0.8640502708195577
0,0.44602038722824827,0.5689439220279726
1,0.13703076187371077,0.31597135831464823
0,0.17595154670868188,0.19799991543158174
1,0.5824805777275074,0.5662901520042958
1,0.8593166838091746,0.7612229351399262
1,0.8888309483908237,0.674175422647421
1,0.7046189369845951,0.5420397056387622
1,0.6651004353929341,0.6761385067193788
0,0.5295548288671148,0.4256864285495924
0,0.09464030935472897,0.17387280637965769
1,0.3479101726554863,0.30108540047810184
1,0.22136413110663586,0.27349402922018834
1,0.3146207950400071,0.3700541029384864
0,0.2776497361424826,0.43132279310734567
0,0.08209516241615678,0.22985240136774276
1,0.45596053389652513,0.5066765228273521
0,0.39725366891300534,0.5048770780520713
0,0.69709208571063,0.5240103438422076
0,0.195751208785231,0.30615158470513243
1,0.8525230679617677,0.6257632440982789
0,0.004512538606054447,0.03294767295826835
1,0.3390492565874398,0.34339376529211224
0,0.019724483479917346,0.07702696149663148
1,0.13725736833170477,0.2751538713620066
1,0.12395534444499036,0.1317698412109922
0,0.20789626809260156,0.29893242140333953
1,0.19594242545766424,0.28154150149389146
1,0.5899888930947592,0.642086652575004
1,0.6121635320397916,0.5572201504465605
0,0.31858439999985494,0.3066626418294405
0,0.20709719670489013,0.2776017852916004
1,0.8111092766795039,0.8183122180084759
0,0.4218233122529825,0.610671032175601
0,0.6929364558129891,0.4748268460896202
1,0.29559961363137033,0.3008476579989965
0,0.7771745011263628,0.7256640612571419
1,0.32965167017919783,0.38963448567790177
1,0.8845578806115124,0.8285277796602039
0,0.0135305244001275,0.08411225970155828
0,0.26587731587671315,0.2145829750163711
0,0.9149732216969504,0.857087517207008
1,0.3984009234928434,0.5033054546503398
0,0.25131196532070577,0.4250081407500566
0,0.01774202952032115,0.05700961557780503
0,0.5321226552805931,0.5754496525757204
0,0.7906720369559774,0.7409300248390147
0,0.08966654519827102,0.19482018203606133
1,0.9026460391238632,0.8602942740721677
1,0.8567629056410618,0.8092835806319578
1,0.3212978386604278,0.3214795239133042
0,0.497497600297777,0.38330733773510406
0,0.6823354673523513,0.6603379347561305
0,0.22552531788535476,0.31898088479398423
0,0.12876335582017667,0.26012861674736043
1,0.7961875529893188,0.6160970615639069
1,0.21116260617936752,0.3069414178976454
1,0.5310490947095488,0.5863055374048731
1,0.950547513596537,0.7590974709885832
0,0.10197669057678621,0.19434546078783466
1,0.7754273775926058,0.6160970615639069
0,0.1391609948225071,0.20824248357556
0,0.3060162270027688,0.3945090794544575
0,0.21868080526519876,0.2782513014713087
1,0.14160962091167983,0.1642045414706858
0,0.1853734480818441,0.2556707071974023
0,0.5587711988308686,0.5355481411987766
1,0.832365364633126,0.8312042122138309
1,0.31303268836442616,0.40490559159874084
0,0.2475314761491991,0.2300657230200588
0,0.14518916089804382,0.14913419901959513
0,0.42485178862607853,0.4914358088161428
1,0.41215841821634464,0.3093603337917171
0,0.05286023668470836,0.12431981806661614
1,0.7499435900986571,0.6759297999437331
1,0.6385872355769223,0.5922290078329367
0,0.5573867564056869,0.42629748012400215
0,0.2778847839957067,0.2458261865138737
0,0.1405281940688259,0.14403748854785117
1,0.6573993206536839,0.6612272490759445
0,0.009632843485134886,0.05095622096434871
1,0.9270474724541273,0.8855446799699411
1,0.9563229260185327,0.89674170389354
0,0.17730958160283208,0.26773290230857805
0,0.6694038678250931,0.5941291662824891
0,0.02854539064176481,0.23868321973078502
0,0.10162524179332319,0.14438829521884572
1,0.267499749168277,0.3440260886162411
1,0.4693803091089301,0.34161504572956364
0,0.3926950615719856,0.39002984119816797
0,0.03538613768708372,0.11363124575742525
1,0.3157045528171095,0.24013694437792613
1,0.4774973586704354,0.52061775505402
0,0.24834558301424772,0.20298839560719323
1,0.38551884964356486,0.437665971300582
1,0.9127957318981594,0.7130532370355842
1,0.9075910532620258,0.7351750646928265
0,0.27581486763934754,0.3424627414396605
1,0.12137946343530916,0.1526693088377253
1,0.8274916664937975,0.7307085728072544
1,0.7338964626568166,0.5219629114800052
0,0.048292188713621245,0.11501090754050299
0,0.1592259307171055,0.1761483750527245
0,0.5063656455980208,0.3700541029384864
1,0.284017246709841,0.40462048615995433
0,0.033030489015176766,0.09393450952782194
1,0.9315776592080587,0.8438863160454141
0,0.029332394836366897,0.09204591939272957
0,0.2956802740207958,0.28974184908401773
1,0.9240751279459056,0.8014210231699325
1,0.39814033890350525,0.4786668912627706
1,0.49322615014040777,0.4177838925650783
1,0.18763040351135343,0.18224602385360894
0,0.11541940764227483,0.16984071589180932
1,0.30512085556258495,0.41343327810407715
1,0.45133134754614446,0.5118665047397669
1,0.7350617261447188,0.7816963643254281
0,0.10891191316396784,0.15590019535043223
0,0.018626460143163028,0.06767388790227495
0,0.38943825727645287,0.4778769761277018
1,0.30469683317003493,0.4754110611957332
1,0.8662293647565937,0.7415649936125046
0,0.48916858078024406,0.5716854114386726
0,0.5314166284953984,0.5658031758784058
1,0.795940466667179,0.6874659027226502
1,0.9750966246569865,0.8770280870032365
0,0.7983893446681659,0.6245875404122455
1,0.5394999779436565,0.48157125239412457
1,0.6139558569970784,0.6766968237743466
0,0.11458156961428495,0.22312540056130778
0,0.20200195413971533,0.21118324647183054
0,0.2014477521451006,0.21449235081029305
0,0.4175676296623611,0.39689256913070625
0,0.030193153663500057,0.04390483453076263
1,0.7241952984213291,0.6725026375769354
1,0.48043128808362284,0.5365787515311953
1,0.8922591913333034,0.7981022600867971
0,0.3475825523525828,0.42372157788808706
0,0.03706159464995046,0.06951428108431144
0,0.4032827628548965,0.5320528798201466
0,0.019017128393947834,0.09294014601490516
0,0.7599864323689746,0.6492085786376397
1,0.942672970985516,0.7989204327859133
0,0.5527391641274237,0.5668070431122628
0,0.42059720507821646,0.5928137324710049
0,0.5520121188744682,0.41022076226781634
0,0.12815304607059466,0.12072862334857422
0,0.2874117169970119,0.3852291768027264
0,0.9522856545641643,0.8401383476167578
0,0.07048104318935036,0.1349330366005743
1,0.9498144432173699,0.7820815206737927
1,0.44622209314013556,0.6194905429006111
1,0.27165464778520326,0.34971908688672904
0,0.022072234925953633,0.08937852036123473
1,0.32654458093304495,0.36702113716238155
1,0.8900841176151737,0.7212773599220472
1,0.5407429609796116,0.4809779828656209
0,0.4842230361156311,0.4717635699690568
1,0.8121288674702569,0.7969032221639402
1,0.3304598141021634,0.4871973159854172
0,0.35116958095445516,0.30675447816154294
1,0.752848140510195,0.7545544356693065
1,0.7016554247230801,0.5281520675099727
0,0.4987996390545427,0.5104631362486474
1,0.15552758094232108,0.2089707478595619
1,0.430752140975914,0.5218188147711978
1,0.9678013143511267,0.8913116195574287
1,0.803449338787628,0.5699599930616899
0,0.5454042419955197,0.4519720497624326
0,0.4006488646230411,0.4508111510995589
1,0.6050023688759347,0.4876503028403459
1,0.8125098477152521,0.7924703612202049
1,0.7508402825564211,0.731487647582615
0,0.6042139668388593,0.4909120283915567
1,0.7383039113904342,0.6558409767469482
1,0.955047505055903,0.809302703889718
1,0.27960138943624624,0.30776667290291926
1,0.8492452353698577,0.48271974994132966
1,0.5735208025570245,0.5641238848385731
0,0.20019547810030244,0.27144267855481014
1,0.8833419526252798,0.6109220033387355
1,0.8569934692611438,0.8333315690593243
0,0.22432630205231818,0.26443724829743825
1,0.84845758321384,0.689085797246741
0,0.04099419112323395,0.1782873004091337
0,0.08503667746220105,0.3316930336134095
0,0.5765609339503364,0.6763500452671213
0,0.4936751918302021,0.4664028510648053
1,0.7721278857225051,0.6978247341485108
0,0.36129330085044575,0.39047827293166654
0,0.25869855050663143,0.34646954422513127
0,0.08354407921265516,0.16438191583620346
1,0.6757033419909835,0.36329070108907957
1,0.8296727482140995,0.7956158146526215
0,0.8875559640155214,0.8183122180084759
1,0.9894460635245925,0.8761229589881743
0,0.0722397938475904,0.20169727842874913
1,0.7106861870899555,0.5341567653288498
1,0.783981833448241,0.7195588966045801
0,0.26177064051090243,0.41175470865346114
0,0.2314377506959977,0.2586818693164245
0,0.36595709442097374,0.36886303509507146
0,0.07848326188221753,0.15458392761894085
1,0.9392927794031581,0.7805106433216936
1,0.29556851590360117,0.4326676877257017
0,0.15683676131371235,0.20800923908205013
0,0.29334977192858647,0.38656294517301876
0,0.1577942962860848,0.1558802081531764
0,0.24430563700906718,0.37696237821329
1,0.8931800005508402,0.754090580016904
1,0.3488723600015976,0.49312551784839975
1,0.8678174164870643,0.643609612756993
0,0.4065888881824094,0.45308798027209324
1,0.8308360411786788,0.7803505561988631
1,0.561250161994926,0.5353711760869402
0,0.034593629855400064,0.1403767890787194
1,0.6616357551672337,0.5269527167054943
1,0.37303266708250443,0.4458970877018349
1,0.9169158025769897,0.713083379808128
1,0.840111682049826,0.738006351785899
0,0.6073062271883478,0.688798191020903
0,0.24890848849801286,0.34971908688672904
1,0.3056384416426047,0.3755803219711061
0,0.3382152673735775,0.3313871061735264
0,0.4818577721861257,0.5894551113552127
1,0.855364357056763,0.610671032175601
0,0.9754981700066238,0.7881280092722532
0,0.2047195042769336,0.3755803219711061
1,0.21258129246546884,0.29996101998096614
1,0.44127222725763604,0.30343648703902276
0,0.05921944330779264,0.16874662226006704
0,0.11737219965133096,0.22183691808879974
1,0.3278488155773186,0.3659792725800203
0,0.15179245599224797,0.16505656653194536
1,0.9597081998771408,0.884667550460017
1,0.6329887621115056,0.681394714535738
0,0.07019671767359835,0.19755242531052358
0,0.4865971339798649,0.45302287846554073
1,0.4982076607448994,0.4129989163672196
0,0.7809109353463797,0.7774315589269507
0,0.22135953912393544,0.22069108087162348
0,0.09360152790985753,0.27028222290722337
1,0.3062281259944919,0.40474226678310465
1,0.5366302257987049,0.6138272684187916
0,0.1464240724499811,0.22818202982516825
1,0.7126815553902699,0.6552037386893171
0,0.1972244554800805,0.29143342548423246
0,0.3487796943237739,0.3393427929448096
0,0.05354638077814354,0.11847104474875125
0,0.17903681465377172,0.279437706103004
0,0.0789013765276748,0.20302176094685828
0,0.1401989055169006,0.2541750363414004
1,0.5518057030306645,0.5458557981362337
0,0.06229220673373874,0.1401353664004456
1,0.657367584661096,0.6671406308974347
1,0.8378705779961326,0.7925716807909392
1,0.7570668037958296,0.7448864240774777
0,0.38546311416190376,0.5076570433826857
1,0.802286221803476,0.688798191020903
0,0.7838845928898681,0.6565382455886021
1,0.9092224361525058,0.8640969050469263
0,0.05834463394013523,0.12526771325153208
1,0.5797927180432241,0.5589451600439713
0,0.3793015063054607,0.3905579811529678
1,0.2570520691435433,0.347599812963315
0,0.34783532926816096,0.43666837736762
1,0.2322563223236422,0.3069414178976454
0,0.269010670026996,0.2658582344962345
0,0.49508735285343636,0.4458994542605974
1,0.4154933525040849,0.3680965931506287
1,0.6099577740160971,0.43666837736762
1,0.7323050940388146,0.6871140095245191
0,0.5325159734724998,0.454778320180118
1,0.9167571626796146,0.7790987415512725
1,0.40494298433053383,0.5172567031800173
1,0.7798405320802718,0.7552139843276634
1,0.5081363007022042,0.4458994542605974
1,0.5959149231590207,0.5206138027676306
1,0.3399637291547874,0.2941660986075553
0,0.24069242025579576,0.2401130243951943
1,0.5167269352283664,0.5908314913243597
0,0.9432120414623533,0.8881859275574249
1,0.19335937351022175,0.27847329365409684
1,0.2394758706927636,0.25612950315798616
1,0.6437540330030435,0.6109220033387355
0,0.8616915106915192,0.7012002110032969
1,0.6702970536328828,0.5492893361038519
0,0.05107466530199064,0.13796812334325706
0,0.2947287821549337,0.33346287772552025
0,0.6725628035023925,0.6485168200190825
0,0.5727561876567523,0.5825564749986055
1,0.2642151588987272,0.3314407301740538
0,0.7319026085439937,0.41023179674206456
1,0.861426383928748,0.7150875600646095
1,0.7801842540461111,0.588903411174597
0,0.013697043997295091,0.0981626012336446
0,0.07799947568418636,0.14238761478870818
0,0.20472975929799853,0.33736957625543834
0,0.010031982961583032,0.0414124071871212
0,0.1450616680773569,0.22688542088746613
1,0.19045766875798012,0.29693121811606693
0,0.05982226475257212,0.12490741668152594
1,0.9716457657666778,0.8570722223384393
0,0.2406947247861555,0.31704271498024417
1,0.8293197373182328,0.7521866398750435
1,0.7918111300352815,0.439770625541609
1,0.7666807448142732,0.7375028950256806
1,0.22993629493158504,0.25174094934033275
0,0.8368077907023541,0.7256640612571419
0,0.1417071787914278,0.24105623857556718
0,0.3821964626795241,0.5256033352571756
1,0.793185321285665,0.711986978212979
0,0.31362596645961155,0.34646954422513127
1,0.3864854898086643,0.32300556908462996
0,0.06076046943004639,0.09620736562674775
0,0.054340562419422776,0.10512526518072336
1,0.2980809846075511,0.3185982956074003
1,0.8298897770801583,0.7788757166738327
1,0.9015114225049414,0.8449321768493003
1,0.7923656975323913,0.7290812826300996
1,0.21430698022545264,0.271699311841159
0,0.5423822501417512,0.5111596525279806
1,0.19718500664245187,0.2447892997318815
0,0.21113725721388366,0.21985062469642555
1,0.37285938492927734,0.4315229827050885
1,0.9859662345688073,0.9173521485847962
0,0.5950346215868758,0.5534804746255353
0,0.47921791784904244,0.41791102178915024
0,0.5442721386395788,0.4928007837935151
0,0.10863828951978562,0.18443799546362044
1,0.43929891426118045,0.6662225609369823
0,0.4470282639063617,0.42756456241286084
1,0.3363448603696404,0.23077954419490984
1,0.574481995408424,0.35899320917224076
0,0.13756911031203412,0.21001417592569005
1,0.7274101447306628,0.6860149563276353
0,0.637306807087607,0.5642823993033037
0,0.23003758669289923,0.4788093712147274
0,0.1304197657577717,0.18780214589070543
0,0.6775423505656143,0.7538768506262109
0,0.3624019602855232,0.3787434236080243
1,0.5076477663003156,0.38656294517301876
1,0.5393803883378114,0.4883284982923933
0,0.22375962591202808,0.25951532645483716
0,0.3395790319095115,0.44306517876967205
0,0.9022606789627123,0.828564607675827
1,0.8711211600049924,0.8165535126835759
0,0.7200754631608928,0.7481608554191912
1,0.6555652002765734,0.6891063122649823
1,0.18120086321976592,0.28271369947320363
1,0.9393265606694379,0.7791136579065173
1,0.9535799098635516,0.8640502708195577
0,0.02085659514103921,0.12077196056052832
0,0.19836563887714018,0.2401130243951943
1,0.46961019841817764,0.3573887642743792
0,0.04033308046855954,0.12760995692297314
1,0.8212098129255458,0.6571406972816252
0,0.012243124970079722,0.058644105573649845
1,0.6656856381493028,0.5420397056387622
1,0.8007453405581908,0.6916448418819573
1,0.8003340524875066,0.753614422587579
0,0.04771511451910041,0.15985436676968212
1,0.791932439577996,0.7652640055594357
0,0.3650808703822315,0.4075156042282866
0,0.0570193136232958,0.14723415621261132
0,0.21213005565502738,0.3676049195974284
1,0.593207943052254,0.5589451600439713
1,0.9943211746041412,0.9173521485847962
0,0.1867767128183038,0.2670382778884564
1,0.37051457287759687,0.3555653554793765
1,0.12369332083610173,0.19908161312675948
0,0.08907086464353631,0.22622763192598605
0,0.42106878861200214,0.3689952631035889
0,0.5855517173669817,0.4894086271658355
0,0.4251700734943904,0.5188600929294421
0,0.3021257979830726,0.4553693195905396
0,0.059993113420357555,0.21559849569164838
0,0.5447275254000377,0.4952815499144361
0,0.1897132520157968,0.28040238114293337
1,0.8874979139293334,0.8077784127537395
1,0.7108826525239705,0.7564005843172582
0,0.0480397376962979,0.16462491549126992
0,0.701989016827829,0.6208746345876656
1,0.2583940097582039,0.4005334808294472
0,0.11258417074123958,0.18553386533701507
0,0.8271960206379754,0.6342168684672944
1,0.8111727903150839,0.6612272490759445
1,0.7733406365142401,0.6859169537323699
0,0.08115830028917376,0.20065290041184045
0,0.10804940131298243,0.16952284005062812
0,0.35045455117054475,0.3327791736103027
0,0.0024965087069600484,0.05012956458102429
1,0.39328841638422474,0.45302287846554073
1,0.33553993904948715,0.3920848491666498
1,0.6288408132420393,0.562826815290211
1,0.5384306330466702,0.4402338235756278
0,0.3325319715002079,0.2852465770887258
0,0.12643856521476723,0.1900971695875149
0,0.22074281723408382,0.27247106052579206
1,0.4125760724543071,0.414907799477407
1,0.5202248793551224,0.31137690660977596
1,0.7465123866697345,0.7010271029045996
1,0.952532365408962,0.8761229589881743
1,0.5762481723547197,0.6008636269447792
0,0.2921520732554573,0.39169879353633086
1,0.769320506753679,0.6227415735650372
1,0.7981145095842954,0.7090784432576986
0,0.15212316553477587,0.21449235081029305
0,0.4140669366636723,0.4517429156776715
0,0.10313744685146828,0.19015001444684448
1,0.6862342170383298,0.5701450370598959
0,0.15037741747847852,0.22674083821347285
0,0.48411726066016814,0.527407547027977
1,0.6337183469364325,0.4900105469816537
1,0.5583664709705514,0.5520106127607001
1,0.7998963067381644,0.6871140095245191
0,0.18782998304263773,0.25469216105301473
0,0.1453276511922625,0.22943907580011075
1,0.6129070912424647,0.4909120283915567
0,0.4679510392249436,0.569180994968667
1,0.30754457798034246,0.2686123100283621
0,0.014073243479369953,0.06654863616335412
0,0.47194355681073036,0.4709540549640142
0,0.19632662956639083,0.22680861976961372
1,0.5701874785967773,0.5256033352571756
1,0.24223127905708822,0.3002995323683924
0,0.11625366568853772,0.21109095006849046
0,0.12456874224296417,0.15288867765817507
0,0.36422953564578187,0.4046210641143098
1,0.6187821614926822,0.5188600929294421
0,0.8375272092431373,0.77135101673746
1,0.7337684125345458,0.6952977456884742
0,0.022597610960807625,0.09393450952782194
0,0.2072399921767291,0.3281688884533726
1,0.7473098346591884,0.6069887419783284
1,0.8939223926150457,0.8467400963080142
0,0.1952148741015909,0.21695703981460168
0,0.0718606613668767,0.1255124641467584
0,0.638593929901505,0.6822144546463009
1,0.8739140130801769,0.7701801014945993
1,0.7924682651239092,0.6793366013902412
0,0.02777578835370706,0.0870539013299414
1,0.7380391876993845,0.6860149563276353
1,0.26116534048586604,0.3275919822962691
1,0.6160111077163768,0.6434207405314241
1,0.9325946000302946,0.7791136579065173
0,0.44971078465400843,0.46638419883615967
0,0.5389764838956511,0.4394580723441405
0,0.08822593116615324,0.12367203952471534
1,0.8210113179431555,0.8175401703142126
0,0.7331394942461946,0.6259074925067766
1,0.9853073158748801,0.9204590675150669
0,0.10455246237331313,0.1189023532067103
0,0.2140857098217423,0.40852656135437204
1,0.42401124456244293,0.564339190741669
0,0.1064573535931308,0.23974317985241222
0,0.47247934954067944,0.6851527239400862
0,0.811545381588409,0.7894761003880155
0,0.361393304860824,0.45198984232187406
0,0.1265296916905702,0.1911158685823864
0,0.27204989031116383,0.24098398551353792
1,0.7222067274221371,0.6492085786376397
1,0.8228516098417918,0.7664014878430832
1,0.6706844445508195,0.5763906294605939
0,0.16096181184922354,0.3302459106139098
1,0.6898016871169484,0.6344884825570515
0,0.45915945237580547,0.46263028863754685
1,0.5981935148869182,0.5188600929294421
0,0.06674449882091774,0.17301662117293237
0,0.0759790137734067,0.14238761478870818
0,0.5655157403666363,0.6474610224170066
0,0.44255891148257864,0.5874678979054084
0,0.2357057803557813,0.2140226621372067
1,0.8217232202721213,0.713083379808128
1,0.6502301791494836,0.7036910769030588
1,0.6464624432329957,0.6798926259290305
1,0.9316964976378428,0.7625813382078249
1,0.57520020762483,0.688798191020903
1,0.9464116862199555,0.6475252716100824
1,0.8458895952618111,0.7332534647506603
0,0.18043791647615956,0.2401130243951943
0,0.13972800361172374,0.20656379877457923
0,0.2769522098714419,0.41306160554183224
1,0.8574285560595176,0.8154352995919408
0,0.28162600626037004,0.2984662361265837
0,0.21833525204353812,0.23756385591608017
0,0.012881976474206651,0.05239078045661746
0,0.08992430212719726,0.16770596164716195
0,0.09726208277601632,0.19990882152856293
1,0.6088847001352162,0.6147933379734325
0,0.3613018431638323,0.5256033352571756
0,0.10782587758364977,0.17273628758356643
1,0.41261268387726563,0.39553553855684814
1,0.9861936779712436,0.8766905161750481
0,0.5850402563123716,0.5533882666893166
0,0.29078306956634453,0.3555252708545916
1,0.9451257296046757,0.849443214007582
