work,section,object,method,data_source,conclusion,open_question,evidence_level
物种起源,第1-2章 家养与自然变异,家鸽品种、栽培植物,比较形态学+育种者访谈,育种者记录、博物馆标本,变异普遍存在且可遗传,变异诱因未定,原文主张
物种起源,第4章 自然选择,泛化种群,逻辑推演+类比人工选择,无直接实验数据,自然选择是适应性演化的主要机制,选择单位（个体/群体）未定,推断
物种起源,第6章 理论难点,复杂器官（眼）,思想实验+渐变论证,比较解剖学观察,渐变可解释复杂器官起源,中间过渡型化石缺失,原文主张
物种起源,第9章 地质记录,化石序列,地层学归纳,化石目录、地质调查,化石记录不完整导致跳跃假象,寒武纪爆发未解释,原文主张
珊瑚礁的结构与分布,第1-2章 礁体分类,环礁、堡礁、岸礁,航海观测+钻孔数据,Beagle号测深、钻孔岩芯,沉降说解释环礁成因,沉降速率未定量,实验支持
珊瑚礁的结构与分布,第5章 分布规律,太平洋礁体,地图叠加+测深剖面,海图、测深记录,礁体分布与沉降区一致,缺乏长期观测验证,推断
藤壶专著,绪论与分类部分,藤壶科各属种,解剖+显微观察+分类,自采标本、借阅标本,建立藤壶同源结构分类体系,部分属种亲缘关系未定,实验支持
藤壶专著,补遗卷 性系统,雌雄同体与矮雄,解剖+生活史观察,显微切片、活体观察,发现矮雄与互补性系统,矮雄起源未解,实验支持
人类由来,第1-4章 人类起源证据,人类与灵长类,比较解剖+胚胎学+化石,标本、胚胎图谱,人类与非洲猿共祖,化石证据当时不足,原文主张
人类由来,第5-8章 性选择,鸟类、昆虫,比较行为观察,饲养记录、野外观察,性选择驱动第二性征,性选择与自然选择权重未定,推断
蚯蚓,第1-3章 掘土与土壤,蚯蚓、土壤层,长期定量观测+称重,自设样地、30年记录,蚯蚓翻土速率可量化,不同土壤类型差异未覆盖,实验支持
蚯蚓,第4-7章 埋藏与腐蚀,石块、落叶,埋设标记物+定期称重,自设实验地块,蚯蚓加速有机物分解与埋藏,微生物贡献未分离,实验支持
