dose,inhibition
0.1,3.784219
0.1,-0.249884
0.1,5.121422
0.1,5.691762
0.1,-2.983038
0.1,-1.036471
0.3,5.556420
0.3,4.224172
0.3,5.122496
0.3,2.613768
0.3,7.811093
0.3,7.506275
1,14.352070
1,17.535702
1,15.556506
1,11.576101
1,15.260231
1,11.277330
3,38.367569
3,35.582440
3,35.177631
3,33.689429
3,39.399842
3,35.268629
10,67.601140
10,67.829723
10,70.483051
10,69.982456
10,70.124322
10,70.178587
30,94.410144
30,86.765957
30,86.448473
30,85.543883
30,89.833140
30,91.372118
100,95.092087
100,92.913460
100,92.960486
100,97.385708
100,97.663692
100,97.063392
