a_sim,b_sim,c_sim,N_rad_abc,note
39,32,71,5538,模拟数据
29,24,53,9222,模拟数据
15,41,56,8610,模拟数据
43,49,92,13846,模拟数据
8,49,57,798,模拟数据
21,12,33,462,模拟数据
39,39,78,78,模拟数据
19,2,21,798,模拟数据
23,3,26,1794,模拟数据
11,49,60,2310,模拟数据
11,37,48,2442,模拟数据
24,49,73,3066,模拟数据
36,17,53,5406,模拟数据
40,49,89,6230,模拟数据
24,2,26,78,模拟数据
3,2,5,30,模拟数据
22,28,50,770,模拟数据
2,23,25,230,模拟数据
24,37,61,13542,模拟数据
44,32,76,418,模拟数据
30,33,63,2310,模拟数据
38,1,39,1482,模拟数据
2,19,21,798,模拟数据
21,2,23,966,模拟数据
33,44,77,462,模拟数据
12,26,38,1482,模拟数据
22,32,54,66,模拟数据
44,6,50,330,模拟数据
25,32,57,570,模拟数据
49,4,53,742,模拟数据
27,11,38,1254,模拟数据
42,17,59,42126,模拟数据
28,38,66,8778,模拟数据
16,24,40,30,模拟数据
15,5,20,30,模拟数据
47,34,81,4794,模拟数据
44,6,50,330,模拟数据
3,22,25,330,模拟数据
37,11,48,2442,模拟数据
7,48,55,2310,模拟数据
21,16,37,1554,模拟数据
9,33,42,462,模拟数据
39,9,48,78,模拟数据
18,6,24,6,模拟数据
4,16,20,10,模拟数据
25,29,54,870,模拟数据
14,3,17,714,模拟数据
9,20,29,870,模拟数据
26,36,62,2418,模拟数据
2,19,21,798,模拟数据
20,26,46,2990,模拟数据
28,3,31,1302,模拟数据
47,19,66,58938,模拟数据
7,20,27,210,模拟数据
44,32,76,418,模拟数据
8,7,15,210,模拟数据
47,41,88,42394,模拟数据
35,33,68,39270,模拟数据
14,40,54,210,模拟数据
17,39,56,9282,模拟数据
36,18,54,6,模拟数据
40,40,80,10,模拟数据
4,1,5,10,模拟数据
2,11,13,286,模拟数据
6,28,34,714,模拟数据
42,25,67,14070,模拟数据
4,23,27,138,模拟数据
29,31,60,26970,模拟数据
18,30,48,30,模拟数据
26,42,68,9282,模拟数据
44,35,79,60830,模拟数据
34,7,41,9758,模拟数据
10,16,26,130,模拟数据
36,26,62,2418,模拟数据
14,48,62,1302,模拟数据
31,49,80,2170,模拟数据
48,2,50,30,模拟数据
15,1,16,30,模拟数据
8,48,56,42,模拟数据
14,12,26,546,模拟数据
23,5,28,1610,模拟数据
40,37,77,28490,模拟数据
21,32,53,2226,模拟数据
16,9,25,30,模拟数据
45,41,86,52890,模拟数据
18,35,53,11130,模拟数据
47,19,66,58938,模拟数据
24,48,72,6,模拟数据
26,16,42,546,模拟数据
25,3,28,210,模拟数据
45,20,65,390,模拟数据
41,24,65,15990,模拟数据
29,33,62,59334,模拟数据
15,24,39,390,模拟数据
45,11,56,2310,模拟数据
1,49,50,70,模拟数据
25,8,33,330,模拟数据
7,36,43,1806,模拟数据
9,38,47,5358,模拟数据
24,40,64,30,模拟数据
1,20,21,210,模拟数据
44,35,79,60830,模拟数据
8,48,56,42,模拟数据
24,25,49,210,模拟数据
11,35,46,17710,模拟数据
17,25,42,3570,模拟数据
8,29,37,2146,模拟数据
35,18,53,11130,模拟数据
35,46,81,4830,模拟数据
33,18,51,1122,模拟数据
5,2,7,70,模拟数据
42,35,77,2310,模拟数据
39,16,55,4290,模拟数据
41,41,82,82,模拟数据
28,36,64,42,模拟数据
7,33,40,2310,模拟数据
9,4,13,78,模拟数据
8,33,41,2706,模拟数据
12,14,26,546,模拟数据
34,21,55,39270,模拟数据
33,48,81,66,模拟数据
48,20,68,510,模拟数据
23,8,31,1426,模拟数据
24,7,31,1302,模拟数据
37,3,40,1110,模拟数据
35,17,52,15470,模拟数据
44,33,77,462,模拟数据
40,48,88,330,模拟数据
22,12,34,1122,模拟数据
27,22,49,462,模拟数据
35,22,57,43890,模拟数据
1,46,47,2162,模拟数据
35,30,65,2730,模拟数据
37,38,75,21090,模拟数据
47,38,85,151810,模拟数据
14,45,59,12390,模拟数据
3,8,11,66,模拟数据
1,27,28,42,模拟数据
5,27,32,30,模拟数据
26,34,60,6630,模拟数据
14,21,35,210,模拟数据
39,30,69,8970,模拟数据
27,33,60,330,模拟数据
9,28,37,1554,模拟数据
15,47,62,43710,模拟数据
15,33,48,330,模拟数据
26,5,31,4030,模拟数据
42,48,90,210,模拟数据
13,19,32,494,模拟数据
32,4,36,6,模拟数据
39,35,74,101010,模拟数据
49,49,98,14,模拟数据
32,17,49,238,模拟数据
4,44,48,66,模拟数据
30,28,58,6090,模拟数据
37,30,67,74370,模拟数据
23,29,52,17342,模拟数据
39,46,85,152490,模拟数据
45,6,51,510,模拟数据
15,35,50,210,模拟数据
43,41,84,74046,模拟数据
29,37,66,70818,模拟数据
36,24,60,30,模拟数据
13,29,42,15834,模拟数据
32,49,81,42,模拟数据
7,46,53,17066,模拟数据
22,31,53,36146,模拟数据
28,35,63,210,模拟数据
2,33,35,2310,模拟数据
42,21,63,42,模拟数据
45,32,77,2310,模拟数据
6,23,29,4002,模拟数据
28,33,61,28182,模拟数据
28,3,31,1302,模拟数据
44,18,62,2046,模拟数据
44,25,69,7590,模拟数据
20,42,62,6510,模拟数据
30,31,61,56730,模拟数据
11,3,14,462,模拟数据
28,40,68,1190,模拟数据
25,46,71,16330,模拟数据
39,24,63,546,模拟数据
33,32,65,4290,模拟数据
1,47,48,282,模拟数据
27,22,49,462,模拟数据
13,23,36,1794,模拟数据
41,2,43,3526,模拟数据
3,27,30,30,模拟数据
39,42,81,546,模拟数据
6,2,8,6,模拟数据
8,26,34,442,模拟数据
27,17,44,1122,模拟数据
9,40,49,210,模拟数据
37,33,70,85470,模拟数据
33,9,42,462,模拟数据
42,43,85,153510,模拟数据
44,48,92,1518,模拟数据
24,39,63,546,模拟数据
15,29,44,9570,模拟数据
32,42,74,1554,模拟数据
