dose_uM,log10_dose,replicate,group,inhibition_frac,is_duplicate,is_missing,flag_ctrl_3sd,flag_cv20
0.0,nan,2,A,0.012844726954577494,False,False,False,False
1000.0,3.0,3,B,0.8713060118891375,False,False,True,False
100.0,2.0,2,A,0.7539246697990621,False,False,True,False
10.0,1.0,2,B,0.6044801393474034,False,False,True,False
10.0,1.0,3,B,0.5175506001199659,False,False,True,False
10000.0,4.0,2,A,0.9196999483557362,False,False,True,False
0.0,nan,1,B,0.08854849467349353,False,False,False,True
1000.0,3.0,3,A,0.9150975930548572,False,False,True,False
1.0,0.0,2,B,0.39180190081506194,False,False,True,True
0.0,nan,2,A,0.014704152846454925,True,False,False,False
100.0,2.0,2,A,0.6331010560932188,True,False,True,False
10000.0,4.0,2,A,0.8431213908827818,True,False,True,False
1000.0,3.0,1,A,1.0128713125564281,False,False,True,False
1000.0,3.0,2,A,1.0186903356405919,False,False,True,False
1000.0,3.0,3,B,0.8664355409153199,True,False,True,False
1000.0,3.0,1,A,0.850142092287049,True,False,True,False
100.0,2.0,2,B,0.8479741220102349,False,False,True,False
0.0,nan,1,A,-0.05,False,False,False,False
10000.0,4.0,2,A,0.880995965305969,True,False,True,False
10.0,1.0,2,B,0.5514661435859809,True,False,True,False
100.0,2.0,3,B,0.6994901688020916,False,False,True,False
10.0,1.0,1,A,0.49959025067325163,False,False,True,False
1.0,0.0,1,A,0.2558659895734216,False,False,True,False
10000.0,4.0,2,B,0.9795800907263498,False,False,True,False
1000.0,3.0,3,B,0.9933956268830254,True,False,True,False
100.0,2.0,3,B,0.7383053711829984,True,False,True,False
10.0,1.0,1,A,0.551515103473006,True,False,True,False
1000.0,3.0,1,A,nan,True,True,False,False
100.0,2.0,3,B,0.7271611064764493,True,False,True,False
10.0,1.0,1,B,0.4325415783874277,False,False,True,False
10.0,1.0,3,A,0.40249495517696715,False,False,True,False
1.0,0.0,1,A,0.19868923210108258,True,False,True,False
0.0,nan,3,A,-0.02668447738736253,False,False,False,True
100.0,2.0,1,B,0.8043307820193398,False,False,True,False
10000.0,4.0,2,A,0.84646270940327,True,False,True,False
0.0,nan,2,A,0.00249591727625583,True,False,False,False
10000.0,4.0,1,A,0.9138405721557489,False,False,True,False
1000.0,3.0,2,B,0.8545832304289712,False,False,True,False
1.0,0.0,2,A,0.34916204747975094,False,False,True,True
100.0,2.0,3,A,0.7741078135911728,False,False,True,False
0.0,nan,3,A,0.10703724646412192,True,False,False,True
1000.0,3.0,2,A,0.868436623637936,True,False,True,False
1000.0,3.0,2,B,nan,True,True,False,False
10.0,1.0,2,A,0.48209129466041745,False,False,True,False
0.0,nan,2,A,0.019445141170400162,True,False,False,False
10000.0,4.0,3,B,0.966699995498732,False,False,True,False
10.0,1.0,1,A,0.41324895423218805,True,False,True,False
10000.0,4.0,1,B,0.959813309352665,False,False,True,False
1000.0,3.0,2,B,0.8990553443890404,True,False,True,False
1000.0,3.0,1,A,1.0821950009806418,True,False,True,False
1000.0,3.0,1,B,1.0309446468804617,False,False,True,False
1.0,0.0,1,A,0.200681953410677,True,False,True,False
10.0,1.0,3,B,0.4770093310869232,True,False,True,False
10.0,1.0,3,A,0.38292463986389713,True,False,True,False
10.0,1.0,3,B,0.45274343889377844,True,False,True,False
0.0,nan,2,B,0.025293798155929675,False,False,False,False
100.0,2.0,3,B,0.8275268683019175,True,False,True,False
0.0,nan,1,A,-0.05,True,False,False,False
1000.0,3.0,3,A,0.8284653627725044,True,False,True,False
1000.0,3.0,2,A,0.7090139555988357,True,False,True,False
10000.0,4.0,3,A,0.9395608531788424,False,False,True,False
1000.0,3.0,1,B,0.795803925029163,True,False,True,False
10.0,1.0,2,A,0.45764484582157144,True,False,True,False
10000.0,4.0,3,B,0.882425264569028,True,False,True,False
10.0,1.0,2,B,0.4924589956706528,True,False,True,False
1.0,0.0,2,A,0.1283231501468521,True,False,False,True
10000.0,4.0,1,A,nan,True,True,False,False
10.0,1.0,2,B,0.6703397689731213,True,False,True,False
0.0,nan,1,A,-0.05,True,False,False,False
10.0,1.0,1,A,0.41225715373448624,True,False,True,False
1000.0,3.0,3,B,1.0277501602436332,True,False,True,False
1.0,0.0,2,B,0.5013467949946151,True,False,True,True
10.0,1.0,2,A,0.40627466970483006,True,False,True,False
0.0,nan,2,A,-0.029414518674340008,True,False,False,False
1000.0,3.0,3,A,0.9081215220531688,True,False,True,False
10.0,1.0,1,B,0.6382958115633047,True,False,True,False
1.0,0.0,2,B,0.18999285518112363,True,False,True,True
1.0,0.0,1,B,0.24931919378001383,False,False,True,True
100.0,2.0,2,B,0.7932455847157982,True,False,True,False
1000.0,3.0,3,B,nan,True,True,False,False
10000.0,4.0,2,A,0.9224816411240272,True,False,True,False
10.0,1.0,3,A,0.4892941628495741,True,False,True,False
0.0,nan,2,B,-0.05,True,False,False,False
1000.0,3.0,3,B,0.8617431784599549,True,False,True,False
100.0,2.0,2,B,0.7097475794301422,True,False,True,False
1000.0,3.0,1,A,nan,True,True,False,False
0.0,nan,3,A,-0.04438077963681885,True,False,False,True
1.0,0.0,3,A,0.30666450325899375,False,False,True,False
1000.0,3.0,1,A,0.9618143434035143,True,False,True,False
1000.0,3.0,3,B,0.8932314241914053,True,False,True,False
10.0,1.0,1,B,0.5281405126827936,True,False,True,False
1000.0,3.0,3,A,0.8850495057841574,True,False,True,False
10000.0,4.0,3,A,0.9525808782697482,True,False,True,False
10.0,1.0,2,B,0.44227535732742956,True,False,True,False
10000.0,4.0,3,A,nan,True,True,False,False
1.0,0.0,1,B,0.2611584935823035,True,False,True,True
1.0,0.0,1,B,0.43639488616983013,True,False,True,True
1000.0,3.0,1,A,1.0066654701759474,True,False,True,False
100.0,2.0,2,A,0.7619263028353788,True,False,True,False
0.0,nan,3,B,-0.05,False,False,False,False
1000.0,3.0,1,B,0.7918041602192547,True,False,True,False
1.0,0.0,2,A,0.3642328577024918,True,False,True,True
1000.0,3.0,3,B,0.9018170159896991,True,False,True,False
0.0,nan,1,B,0.0384568701400313,True,False,False,True
1000.0,3.0,3,B,0.7412301990199928,True,False,True,False
1000.0,3.0,1,A,nan,True,True,False,False
1000.0,3.0,3,B,nan,True,True,False,False
100.0,2.0,2,B,0.6422241238777004,True,False,True,False
10.0,1.0,2,A,0.46227801541486147,True,False,True,False
1000.0,3.0,1,A,nan,True,True,False,False
1.0,0.0,2,B,0.2731387653238821,True,False,True,True
1000.0,3.0,3,A,0.8574233831136436,True,False,True,False
100.0,2.0,1,A,0.7227795171855819,False,False,True,False
10.0,1.0,3,A,0.4798418097543065,True,False,True,False
100.0,2.0,2,B,0.7432635795990562,True,False,True,False
100.0,2.0,3,B,0.8487779364703113,True,False,True,False
0.0,nan,2,A,-0.05,True,False,False,False
0.0,nan,2,B,-0.018902623292072304,True,False,False,False
1.0,0.0,1,A,0.2830624151651784,True,False,True,False
0.0,nan,2,B,0.023724917043670395,True,False,False,False
1.0,0.0,1,B,0.247936435085491,True,False,True,True
10.0,1.0,2,B,0.46934707511881757,True,False,True,False
100.0,2.0,2,B,0.7451061127677384,True,False,True,False
1000.0,3.0,3,B,0.8496875764387707,True,False,True,False
1.0,0.0,2,B,0.2612507582799074,True,False,True,True
