id,authors,year,title,venue,doi,arxiv,has_id,status,issues
1,"Darwin, C.",1859,On the Origin of Species,John Murray,10.5962/bhl.title.82303,,True,通过,
2,"Darwin, C.",1871,The Descent of Man,John Murray,10.5962/bhl.title.110063,,True,通过,
3,"Darwin, C.",1842,The Structure and Distribution of Coral Reefs,"Smith, Elder & Co.",,,False,存疑,无可访问标识(DOI/arXiv)
4,"Darwin, C.",1868,The Variation of Animals and Plants under Domestication,John Murray,10.5962/bhl.title.77097,,True,通过,
5,"Darwin, C.",1881,The Formation of Vegetable Mould through the Action of Worms,John Murray,10.5962/bhl.title.107559,,True,通过,
6,"Darwin, C.",1839,Journal of Researches (Voyage of the Beagle),Henry Colburn,10.5962/bhl.title.131280,,True,通过,
7,"Darwin, C.",1872,The Expression of the Emotions in Man and Animals,John Murray,10.5962/bhl.title.48204,,True,通过,
8,"Darwin, C.",1900,On the Origin of Species,Unknown Press,,,False,存疑,无可访问标识(DOI/arXiv); 年份1900超出达尔文在世范围
9,"Darwin, C.",1859,On the Origin of Species,John Murray,10.9999/fake.doi.000,,True,存疑,被引结论与原文表述不一致
