dose_uM,response,replicate,batch,outlier_flag
0.01,0.07604765033406818,0,1,0
0.01,0.11862123499979774,1,1,0
0.01,0.03872790391206204,2,1,0
0.03,0.0718250976206809,0,1,0
0.03,0.0938964534880198,1,1,0
0.03,0.03244531044331225,2,1,0
0.1,0.08836364970154797,0,1,0
0.1,0.04469654403331601,1,1,0
0.1,0.13195189741550975,2,1,0
0.3,0.05970387415480704,0,1,0
0.3,0.1414396848084866,1,1,0
0.3,0.07285218194157034,2,1,0
1.0,0.08406222455309613,0,1,0
1.0,0.17616135511899206,1,1,0
1.0,0.11218016517396888,2,1,0
3.0,0.2917049316957785,0,1,0
3.0,0.35115340289990843,1,1,0
3.0,0.2815749854976362,2,1,0
10.0,0.6757470844186545,0,1,0
10.0,0.7072075784501672,1,1,0
10.0,0.6568284427202388,2,1,0
30.0,0.7845149973650956,0,1,0
30.0,0.8788966138631434,1,1,0
30.0,0.8741595227474932,2,1,0
0.01,0.005418674853755939,0,2,0
0.01,0.06345978391918108,1,2,0
0.01,0.038261239372553164,2,2,0
0.03,0.0,0,2,0
0.03,0.036257736151016406,1,2,0
0.03,0.008831041337719243,2,2,0
0.1,0.008721222467216936,0,2,0
0.1,0.046708211468865,1,2,0
0.1,0.045162869868395336,2,2,0
0.3,0.042804270017680175,0,2,0
0.3,0.05384642239140781,1,2,0
0.3,0.01542806412353278,2,2,0
1.0,0.11575397241067875,0,2,0
1.0,0.17559609231796403,1,2,0
1.0,0.13589927246808936,2,2,0
3.0,0.3925063363718732,0,2,0
3.0,0.41648409349682236,1,2,0
3.0,0.3558521007427919,2,2,0
10.0,0.7032548065196216,0,2,0
10.0,0.6915284511836574,1,2,0
10.0,0.645057713441386,2,2,0
30.0,0.8958195970229333,0,2,0
30.0,0.8433619020625073,1,2,0
30.0,0.9133506913737417,2,2,0
0.01,0.04321035396653219,0,3,0
0.01,0.11098571713273347,1,3,0
0.01,0.04133937214598494,2,3,0
0.03,0.09743203767741579,0,3,0
0.03,0.07822670614367928,1,3,0
0.03,0.09899328883531525,2,3,0
0.1,0.04147951670473598,0,3,0
0.1,0.11622084788784547,1,3,0
0.1,0.07243950870100305,2,3,0
0.3,0.09816080044348975,0,3,0
0.3,0.07277755750092613,1,3,0
0.3,0.1018137657896678,2,3,0
1.0,0.19763063805246045,0,3,0
1.0,0.22352096957597006,1,3,0
1.0,0.1853968786862001,2,3,0
3.0,0.44881403417501176,0,3,0
3.0,0.43163090981694374,1,3,0
3.0,0.4745087529975449,2,3,0
10.0,0.657178903082257,0,3,0
10.0,0.7697694088359003,1,3,0
10.0,0.815984455198108,2,3,0
30.0,0.8586779129644043,0,3,0
30.0,0.903480825114802,1,3,0
30.0,0.9366977773324114,2,3,0
