authors,title,venue,year
Duvenaud et al.,Convolutional Networks on Graphs for Molecule Property Prediction,NeurIPS,2015
Gilmer et al.,Neural Message Passing for Quantum Chemistry,ICML,2017
Kipf & Welling,Semi-Supervised Classification with Graph Convolutional Networks,ICLR,2017
Veličković et al.,Graph Attention Networks,ICLR,2018
Xu et al.,How Powerful are Graph Neural Networks?,ICLR,2019
Stokes et al.,A Deep Learning Approach to Antibiotic Discovery,Cell,2020
Yang et al.,Analyzing Learned Molecular Representation by GNN,JCIM,2019
Coley et al.,A Graph-Convolutional Neural Network Model for Chemical Reactivity,Chem. Sci.,2019
Jin et al.,Junction Tree VAE for Molecular Graph Generation,ICML,2018
Zitnik et al.,Modeling Polypharmacy Side Effects with Graph Convolutional Networks,Bioinformatics,2018
