cell_idx,batch,group,cluster,true_label
0,0,1,4,0
1,1,0,0,2
2,1,1,2,3
3,0,1,3,2
4,0,1,4,1
5,1,1,4,4
6,0,1,1,1
7,1,1,2,3
8,0,0,3,2
9,0,1,4,0
10,1,1,3,2
11,1,1,0,0
12,1,0,1,4
13,1,1,1,3
14,1,0,4,1
15,1,0,3,2
16,1,1,1,3
17,0,1,4,1
18,1,1,1,1
19,0,0,0,2
20,1,1,4,1
21,0,1,2,3
22,0,1,4,0
23,1,1,4,4
24,1,0,2,1
25,1,1,2,2
26,0,0,2,0
27,1,1,1,1
28,1,0,4,3
29,0,0,3,1
30,0,1,2,0
31,0,1,0,2
32,0,1,2,0
33,1,1,3,1
34,1,1,0,2
35,0,0,3,2
36,1,0,4,3
37,1,0,4,3
38,0,0,3,4
39,1,0,1,0
40,0,1,1,1
41,1,1,4,0
42,1,1,0,0
43,0,0,2,1
44,0,1,3,2
45,1,1,1,4
46,0,1,4,3
47,1,0,3,3
48,1,0,1,3
49,1,1,2,0
50,1,0,3,4
51,0,0,2,4
52,0,0,2,0
53,0,1,3,2
54,0,1,3,4
55,0,0,3,2
56,1,0,4,4
57,0,1,2,4
58,1,1,3,2
59,1,1,2,0
60,1,0,1,1
61,1,1,3,1
62,0,0,0,2
63,1,1,0,2
64,0,0,3,2
65,0,0,4,0
66,1,0,4,1
67,0,0,2,3
68,0,1,2,0
69,0,0,1,1
70,1,0,0,4
71,0,0,0,0
72,0,1,0,2
73,0,1,1,1
74,1,1,4,0
75,0,1,0,2
76,0,1,0,2
77,0,1,4,0
78,1,0,0,0
79,1,1,2,0
80,1,1,4,3
81,0,1,1,4
82,0,0,3,0
83,1,1,3,1
84,1,0,4,1
85,1,0,3,1
86,0,1,4,1
87,0,0,2,0
88,1,0,3,2
89,1,1,4,1
90,0,0,3,1
91,1,1,3,1
92,1,0,4,4
93,0,0,1,3
94,1,1,3,2
95,0,1,1,1
96,0,0,1,4
97,1,1,4,4
98,1,1,4,0
99,0,0,1,4
100,1,1,4,3
101,0,0,2,0
102,1,1,3,3
103,0,1,1,0
104,1,1,0,0
105,1,1,2,0
106,1,0,0,2
107,1,0,3,3
108,0,0,0,2
109,1,1,4,0
110,0,1,2,0
111,1,0,4,4
112,1,1,1,4
113,0,1,2,3
114,1,1,1,0
115,1,0,3,4
116,0,1,2,3
117,0,1,3,2
118,0,0,4,0
119,0,0,4,4
120,0,0,0,2
121,1,0,4,0
122,1,1,3,1
123,0,1,3,2
124,1,1,2,0
125,1,0,3,1
126,0,1,3,2
127,1,0,4,4
128,1,1,2,0
129,1,0,0,2
130,1,0,3,4
131,1,1,4,4
132,0,0,1,4
133,1,1,2,0
134,1,1,4,4
135,0,1,1,4
136,1,1,1,1
137,0,0,0,2
138,0,1,0,2
139,0,0,3,2
140,1,1,4,1
141,0,0,1,4
142,0,0,3,4
143,0,1,0,1
144,1,0,4,4
145,1,1,2,1
146,0,1,4,3
147,0,1,0,2
148,1,1,0,2
149,0,1,4,0
150,1,0,4,3
151,0,0,2,1
152,1,0,1,1
153,0,1,4,0
154,0,0,1,4
155,1,0,2,0
156,0,0,1,3
157,1,0,4,4
158,1,0,2,0
159,1,0,0,2
160,1,0,3,2
161,1,0,4,1
162,0,0,4,3
163,0,0,0,2
164,0,1,0,2
165,1,0,0,2
166,0,0,1,4
167,0,0,4,3
168,0,1,4,1
169,0,1,4,4
170,0,1,4,4
171,0,0,3,4
172,1,0,2,3
173,1,0,3,1
174,1,1,2,3
175,0,1,4,1
176,1,1,0,1
177,0,1,0,2
178,1,1,4,4
179,1,1,3,2
180,1,1,3,1
181,0,0,0,2
182,0,0,2,1
183,1,1,0,3
184,0,0,4,1
185,0,0,0,2
186,0,1,4,1
187,0,0,2,1
188,0,1,4,4
189,0,1,4,1
190,1,0,4,0
191,1,1,3,1
192,1,1,3,2
193,0,1,2,0
194,1,0,3,1
195,0,1,2,0
196,0,1,0,2
197,0,1,4,3
198,0,0,4,4
199,1,0,4,1
200,0,1,1,4
201,1,0,1,1
202,0,0,2,3
203,1,0,0,2
204,0,0,4,3
205,0,0,1,3
206,1,0,3,2
207,1,1,4,1
208,0,0,0,2
209,1,0,4,4
210,0,0,4,4
211,1,1,4,4
212,1,0,0,0
213,0,1,0,2
214,1,1,2,0
215,0,1,4,3
216,0,1,3,4
217,0,0,2,0
218,0,1,4,3
219,1,0,1,4
220,0,1,1,4
221,0,1,0,1
222,1,1,4,0
223,0,1,1,4
224,1,0,1,4
225,0,1,0,2
226,1,1,4,4
227,1,1,2,0
228,1,0,4,3
229,0,1,4,0
230,0,0,3,4
231,1,0,2,3
232,0,0,0,4
233,1,1,3,2
234,0,0,0,0
235,1,0,4,0
236,1,0,2,1
237,0,1,2,3
238,0,0,2,0
239,1,1,4,4
240,0,1,2,1
241,1,1,3,2
242,0,1,4,1
243,1,0,3,2
244,1,0,0,2
245,0,0,2,0
246,1,1,0,2
247,0,1,4,3
248,1,1,4,4
249,0,0,2,1
250,0,0,4,4
251,0,0,1,4
252,0,0,1,4
253,0,0,4,1
254,1,1,3,4
255,0,0,0,2
256,1,1,4,0
257,0,0,0,1
258,0,0,4,3
259,1,1,1,0
260,1,1,0,2
261,0,0,1,3
262,0,0,2,0
263,1,0,0,2
264,1,1,3,1
265,1,0,0,2
266,0,1,3,1
267,0,0,4,4
268,1,1,2,0
269,1,0,1,4
270,0,1,3,3
271,0,1,1,4
272,0,0,1,4
273,1,0,2,0
274,0,1,1,4
275,0,0,3,2
276,0,0,4,4
277,1,0,3,4
278,0,0,3,2
279,0,0,0,1
280,0,0,0,0
281,0,0,4,0
282,1,0,0,1
283,0,0,4,4
284,0,0,3,2
285,1,1,3,2
286,0,0,2,1
287,1,0,0,2
288,1,0,4,3
289,0,1,3,4
290,1,0,3,3
291,0,0,3,3
292,1,0,4,4
293,0,0,3,2
294,1,0,1,4
295,1,0,4,1
296,1,1,4,0
297,0,1,0,2
298,0,0,2,0
299,0,1,4,0
300,0,1,3,4
301,1,0,3,3
302,0,0,4,1
303,1,0,1,4
304,1,1,4,0
305,0,0,3,1
306,0,1,4,3
307,1,0,2,1
308,0,1,1,3
309,0,1,1,4
310,1,0,2,0
311,1,0,2,0
312,0,1,3,4
313,0,0,0,2
314,0,0,0,2
315,1,1,0,2
316,1,0,0,2
317,1,0,4,3
318,1,0,0,2
319,1,0,2,0
320,0,1,2,3
321,0,1,4,3
322,1,0,4,0
323,1,0,4,1
324,1,1,1,3
325,0,0,4,3
326,0,0,2,0
327,0,0,4,0
328,0,0,3,2
329,1,1,3,2
330,1,0,1,4
331,0,0,0,2
332,0,1,2,4
333,1,0,4,1
334,0,1,3,2
335,1,0,2,0
336,1,0,3,2
337,0,0,2,0
338,0,1,3,2
339,1,1,4,1
340,1,0,4,0
341,0,0,4,0
342,1,0,0,2
343,1,1,1,4
344,1,0,2,0
345,0,1,0,2
346,1,1,4,1
347,1,1,1,4
348,0,0,0,2
349,0,0,1,4
350,1,0,3,1
351,0,1,2,0
352,0,1,0,2
353,0,1,4,3
354,1,0,4,4
355,1,0,1,4
356,0,1,4,4
357,1,1,2,3
358,0,1,1,1
359,1,1,0,2
360,1,0,2,0
361,1,0,0,2
362,0,0,3,1
363,1,1,1,0
364,0,1,1,1
365,1,0,0,2
366,0,1,2,1
367,0,1,1,4
368,0,1,0,2
369,1,1,4,4
370,0,0,0,3
371,1,0,1,0
372,0,1,1,1
373,0,1,4,3
374,1,0,0,2
375,0,0,2,1
376,1,1,0,2
377,1,1,1,4
378,0,0,4,1
379,0,1,4,0
380,0,0,3,1
381,1,0,3,4
382,1,1,4,3
383,0,0,4,4
384,0,1,4,4
385,0,0,3,0
386,0,1,4,1
387,1,0,2,0
388,1,1,2,0
389,0,0,1,4
390,1,1,3,4
391,0,0,2,0
392,0,0,4,3
393,1,0,0,2
394,1,1,4,0
395,1,0,1,4
396,0,1,4,4
397,0,1,3,2
398,0,1,2,3
399,0,1,3,1
400,1,0,4,3
401,1,1,0,2
402,0,1,1,4
403,1,0,2,0
404,0,0,4,0
405,1,1,0,4
406,0,0,1,1
407,0,1,2,1
408,1,0,4,3
409,0,0,4,0
410,0,1,3,2
411,0,0,0,1
412,0,1,2,0
413,0,1,4,4
414,0,0,2,0
415,1,0,4,0
416,1,1,1,3
417,0,1,4,4
418,0,0,4,0
419,1,1,0,3
420,1,0,0,2
421,1,0,4,4
422,1,1,2,0
423,1,0,4,4
424,0,1,1,3
425,0,1,4,4
426,1,1,4,1
427,1,1,1,4
428,0,0,0,3
429,1,0,2,0
430,0,1,3,4
431,1,1,4,3
432,1,0,1,1
433,0,1,3,2
434,0,0,4,1
435,0,1,3,2
436,1,0,4,4
437,1,1,1,4
438,0,0,3,1
439,0,0,1,4
440,1,1,0,2
441,0,0,2,3
442,0,0,1,3
443,0,1,0,2
444,1,0,3,2
445,1,0,0,2
446,0,0,4,4
447,1,1,4,1
448,1,1,2,1
449,0,1,1,1
450,1,0,4,0
451,1,0,4,1
452,0,0,2,0
453,0,1,1,0
454,1,0,3,3
455,1,0,2,0
456,0,1,0,2
457,1,1,2,3
458,1,1,1,3
459,0,0,0,2
460,1,1,2,0
461,0,1,1,4
462,1,0,1,4
463,0,1,4,3
464,0,1,2,0
465,1,0,4,0
466,0,1,1,1
467,1,1,2,0
468,0,1,2,4
469,1,1,3,1
470,1,1,4,1
471,1,1,1,4
472,0,0,4,4
473,0,1,2,1
474,1,1,0,1
475,1,1,3,2
476,1,0,0,3
477,0,0,3,4
478,1,1,1,4
479,0,1,3,4
480,0,1,2,0
481,1,0,4,1
482,0,0,0,2
483,1,1,4,0
484,0,0,4,1
485,0,1,2,0
486,0,0,1,4
487,1,0,2,0
488,1,1,4,0
489,1,0,3,0
490,1,1,2,0
491,1,1,0,2
492,1,1,4,1
493,1,0,1,4
494,0,0,4,1
495,0,1,0,2
496,0,0,4,3
497,0,0,4,3
498,1,0,3,3
499,0,1,4,1
500,0,0,0,2
501,1,0,1,4
502,1,1,1,4
503,1,0,4,3
504,0,1,4,3
505,0,1,1,4
506,1,1,2,3
507,0,1,1,4
508,0,0,4,0
509,0,0,3,1
510,1,0,2,0
511,1,0,4,0
512,1,1,3,2
513,1,1,0,1
514,1,1,0,2
515,0,1,0,2
516,1,1,4,3
517,0,0,1,4
518,0,0,1,4
519,1,1,1,1
520,0,0,3,1
521,0,1,0,3
522,0,1,4,0
523,1,1,3,2
524,0,1,0,2
525,0,1,2,0
526,1,1,2,3
527,0,1,2,1
528,1,0,2,0
529,1,0,4,3
530,1,1,4,0
531,0,1,1,3
532,0,1,3,0
533,0,1,0,2
534,1,1,4,4
535,0,1,4,1
536,0,1,3,3
537,0,0,4,3
538,1,0,3,4
539,0,0,4,0
540,1,0,2,3
541,0,1,1,4
542,0,0,4,3
543,0,0,2,0
544,1,0,1,4
545,0,1,4,0
546,0,1,0,2
547,1,0,0,2
548,1,1,3,2
549,1,1,3,2
550,1,1,4,0
551,0,1,0,2
552,1,1,1,4
553,0,0,0,2
554,1,1,1,1
555,1,0,3,4
556,1,0,4,0
557,1,1,0,2
558,1,1,0,2
559,1,1,0,2
560,1,0,1,4
561,0,0,0,2
562,0,0,3,4
563,0,1,4,0
564,1,1,1,3
565,0,1,3,2
566,0,1,0,1
567,0,0,1,1
568,1,0,1,3
569,1,0,4,3
570,1,0,0,3
571,0,0,3,0
572,0,0,0,2
573,0,0,3,4
574,0,1,2,0
575,0,0,0,2
576,1,0,3,2
577,1,0,3,4
578,1,0,0,1
579,0,1,0,2
580,0,0,4,3
581,1,0,2,0
582,0,0,4,4
583,0,1,1,4
584,0,1,4,3
585,1,0,2,3
586,1,0,4,3
587,0,0,1,3
588,1,0,4,4
589,1,1,3,2
590,1,1,3,2
591,1,1,4,3
592,0,0,2,0
593,1,0,3,4
594,0,0,4,3
595,1,0,4,3
596,1,1,2,1
597,1,0,4,1
598,1,0,0,2
599,1,1,2,3
600,1,0,2,3
601,1,0,4,3
602,1,0,1,4
603,0,0,0,4
604,1,0,4,3
605,1,0,2,1
606,0,0,0,2
607,1,0,0,2
608,1,0,4,3
609,1,1,4,4
610,1,0,4,1
611,0,1,0,2
612,1,1,1,0
613,0,0,4,3
614,1,1,0,2
615,1,0,3,2
616,0,0,0,2
617,0,0,4,1
618,0,0,3,2
619,0,0,4,3
620,0,0,2,1
621,0,1,2,0
622,0,0,4,1
623,0,1,2,0
624,1,1,2,1
625,0,1,4,3
626,0,0,2,0
627,0,1,4,3
628,1,1,1,1
629,0,1,1,4
630,1,0,4,3
631,0,1,2,1
632,0,1,0,2
633,0,0,0,0
634,0,0,3,0
635,1,0,1,4
636,0,1,4,4
637,0,0,2,0
638,1,0,0,1
639,1,1,2,0
640,1,0,3,1
641,1,0,4,1
642,1,1,4,1
643,0,1,0,2
644,1,1,4,0
645,0,1,4,4
646,0,0,4,3
647,1,1,4,3
648,1,1,2,0
649,1,0,4,3
650,0,0,1,4
651,1,0,2,0
652,0,0,2,3
653,1,0,4,1
654,1,0,4,3
655,1,1,0,2
656,1,0,4,4
657,1,1,2,0
658,0,1,4,1
659,0,1,3,1
660,0,1,3,1
661,1,0,3,1
662,0,1,0,1
663,0,0,2,0
664,1,1,4,3
665,1,0,3,2
666,1,0,1,4
667,1,1,2,3
668,1,0,2,0
669,0,1,2,0
670,1,0,3,2
671,1,0,3,2
672,1,1,2,1
673,0,1,1,3
674,1,0,0,2
675,1,0,4,3
676,1,0,2,0
677,0,1,1,4
678,1,1,2,1
679,1,0,0,2
680,1,0,0,2
681,0,0,4,4
682,1,0,4,1
683,1,1,4,1
684,0,1,1,1
685,1,0,4,1
686,0,1,2,0
687,1,0,4,0
688,0,0,1,1
689,1,0,3,2
690,1,0,2,1
691,1,0,2,1
692,1,1,3,3
693,1,1,2,1
694,0,0,4,4
695,0,1,4,3
696,1,1,1,0
697,1,1,0,1
698,0,1,4,0
699,0,0,3,1
700,1,1,3,1
701,1,1,2,0
702,0,1,4,0
703,0,0,0,2
704,0,0,2,3
705,1,0,1,1
706,0,0,3,4
707,1,0,3,1
708,0,0,4,4
709,0,1,0,1
710,1,0,0,2
711,1,1,1,3
712,1,0,4,0
713,1,1,1,4
714,1,0,0,1
715,1,1,3,2
716,1,0,4,3
717,0,0,1,3
718,0,0,2,0
719,1,1,4,4
720,0,0,4,3
721,1,1,1,4
722,1,1,0,2
723,0,0,2,3
724,1,0,0,2
725,0,0,4,4
726,1,0,3,4
727,0,0,1,4
728,0,0,0,2
729,1,1,1,3
730,1,0,4,1
731,0,0,0,2
732,1,1,2,3
733,1,1,2,0
734,0,0,2,3
735,1,0,2,0
736,1,0,0,2
737,0,1,0,2
738,1,1,3,2
739,1,0,4,2
740,1,0,0,2
741,1,0,3,2
742,1,1,0,2
743,0,0,0,2
744,1,0,4,3
745,0,0,0,2
746,1,0,4,3
747,0,1,4,4
748,0,0,4,4
749,0,0,2,0
750,1,1,1,3
751,0,1,0,1
752,0,0,4,0
753,1,0,4,3
754,1,1,4,0
755,0,0,4,4
756,1,1,4,3
757,0,1,1,4
758,0,1,4,3
759,1,0,2,4
760,0,1,2,0
761,1,1,1,4
762,1,0,4,0
763,1,1,2,1
764,0,1,2,0
765,1,1,0,2
766,1,0,4,3
767,0,0,4,1
768,0,1,3,4
769,0,0,1,3
770,1,1,1,3
771,1,1,1,4
772,0,1,3,2
773,1,0,4,1
774,1,1,3,4
775,1,0,0,2
776,0,1,4,3
777,0,0,2,1
778,0,0,4,1
779,1,1,2,0
780,1,1,3,1
781,1,1,2,0
782,0,0,4,3
783,0,1,4,0
784,0,1,1,3
785,1,1,3,4
786,0,1,2,3
787,1,0,3,2
788,1,0,4,0
789,0,1,1,4
790,0,1,4,0
791,0,0,1,3
792,1,0,4,3
793,1,1,4,0
794,0,1,4,3
795,0,0,4,0
796,1,1,3,1
797,0,1,1,4
798,0,0,3,4
799,0,0,4,1
800,0,1,1,4
801,0,0,2,4
802,1,0,1,3
803,1,0,2,0
804,1,1,4,1
805,1,0,3,3
806,1,0,1,4
807,0,0,1,4
808,0,1,3,2
809,1,1,0,1
810,0,0,1,4
811,1,0,4,1
812,1,0,2,1
813,0,1,1,4
814,1,1,0,2
815,1,0,4,1
816,0,0,4,0
817,0,1,3,2
818,1,1,3,4
819,1,0,0,2
820,0,0,4,3
821,1,1,2,1
822,0,1,4,3
823,1,1,2,3
824,1,0,4,3
825,0,0,4,3
826,1,1,0,2
827,1,1,2,1
828,1,1,1,3
829,0,0,1,4
830,0,1,1,4
831,0,0,4,1
832,0,0,4,3
833,0,1,0,0
834,1,1,0,2
835,1,1,3,2
836,1,1,4,1
837,0,0,1,4
838,0,1,1,4
839,1,0,4,0
840,0,0,4,1
841,1,1,4,1
842,1,1,1,4
843,0,1,0,2
844,0,0,2,3
845,0,1,1,4
846,0,0,4,3
847,0,1,0,0
848,1,1,2,0
849,1,1,2,1
850,1,0,2,1
851,1,0,4,3
852,1,0,4,0
853,0,1,4,1
854,0,1,2,1
855,1,0,0,0
856,0,1,0,0
857,0,1,4,0
858,1,0,0,2
859,1,0,0,2
860,1,1,0,2
861,1,1,0,2
862,0,0,4,3
863,1,1,3,4
864,1,1,0,2
865,1,1,4,3
866,1,1,4,3
867,1,1,1,3
868,0,0,1,0
869,0,0,1,4
870,0,0,4,0
871,0,1,0,2
872,0,0,2,3
873,0,0,3,2
874,1,1,4,1
875,1,0,3,4
876,1,0,2,0
877,1,0,4,1
878,1,0,4,4
879,1,0,1,3
880,0,1,2,0
881,1,0,1,3
882,0,0,1,4
883,0,1,4,0
884,1,0,0,2
885,1,1,3,2
886,0,1,2,0
887,0,1,4,1
888,0,0,4,0
889,0,0,2,0
890,0,1,0,2
891,1,0,3,2
892,1,1,2,1
893,1,0,1,1
894,1,0,0,0
895,1,1,4,3
896,1,1,4,1
897,0,1,1,4
898,0,1,3,2
899,1,0,4,4
900,0,1,1,3
901,0,1,1,1
902,0,0,2,3
903,1,0,4,1
904,0,1,4,0
905,1,0,2,1
906,0,1,1,1
907,0,0,2,0
908,0,0,4,0
909,0,0,1,4
910,1,0,0,2
911,0,1,3,2
912,0,1,1,4
913,1,1,1,1
914,1,1,0,2
915,0,0,0,4
916,1,1,4,3
917,1,1,3,1
918,0,1,0,1
919,1,1,2,0
920,1,1,3,0
921,1,1,2,0
922,0,1,4,3
923,0,1,4,3
924,0,1,0,2
925,1,0,4,3
926,1,0,4,0
927,0,1,3,1
928,0,0,2,1
929,1,0,3,4
930,1,1,4,3
931,1,1,4,4
932,0,1,3,1
933,1,0,3,4
934,0,0,4,0
935,1,1,4,1
936,0,1,3,2
937,0,0,4,0
938,0,1,1,4
939,1,0,4,4
940,1,1,3,2
941,0,1,4,1
942,1,1,4,0
943,0,1,2,3
944,0,0,0,2
945,0,0,2,3
946,1,0,3,3
947,0,1,4,0
948,1,1,4,0
949,0,1,4,3
950,0,0,2,0
951,0,0,4,4
952,1,1,4,0
953,0,1,4,3
954,1,1,1,4
955,1,0,2,2
956,0,0,2,0
957,1,1,1,4
958,1,1,3,0
959,0,0,0,2
960,0,1,3,4
961,0,0,4,3
962,1,0,4,0
963,0,1,1,4
964,1,1,2,0
965,1,1,1,3
966,1,0,2,3
967,0,1,4,1
968,1,1,3,2
969,0,1,2,0
970,0,0,4,4
971,0,1,0,1
972,0,1,4,1
973,0,1,0,2
974,0,0,2,3
975,0,1,0,2
976,0,0,4,2
977,1,0,0,2
978,0,1,1,4
979,1,0,4,1
980,1,1,2,4
981,1,0,2,3
982,1,1,2,4
983,1,1,2,4
984,1,1,4,3
985,1,0,2,1
986,1,0,4,3
987,0,0,0,3
988,0,0,4,1
989,1,1,2,3
990,0,0,2,1
991,1,0,0,2
992,0,0,4,3
993,0,0,4,0
994,1,1,3,1
995,1,1,2,3
996,1,0,0,2
997,0,1,1,4
998,1,1,2,0
999,1,0,4,3
1000,1,0,3,4
1001,1,0,1,4
1002,1,0,4,0
1003,1,0,2,4
1004,0,0,4,1
1005,1,1,1,1
1006,1,0,3,1
1007,1,1,1,3
1008,1,0,4,3
1009,1,0,0,2
1010,0,1,0,0
1011,1,1,2,4
1012,0,1,0,1
1013,0,0,0,0
1014,1,0,4,2
1015,1,0,3,2
1016,0,0,4,3
1017,0,1,4,4
1018,0,0,4,0
1019,0,0,4,1
1020,0,1,0,2
1021,0,0,3,3
1022,1,0,2,3
1023,1,0,1,1
1024,1,0,1,3
1025,0,1,4,4
1026,0,1,3,2
1027,0,1,1,4
1028,1,0,3,3
1029,0,1,4,1
1030,0,1,2,1
1031,0,0,2,3
1032,1,1,1,1
1033,0,0,4,1
1034,0,1,3,1
1035,1,1,4,3
1036,1,0,2,1
1037,0,0,4,3
1038,0,0,1,4
1039,1,1,1,4
1040,1,0,1,4
1041,1,1,4,0
1042,0,0,3,2
1043,0,0,3,1
1044,1,1,1,4
1045,0,1,4,3
1046,0,1,3,1
1047,1,0,3,2
1048,1,0,2,3
1049,0,0,3,2
1050,1,1,0,2
1051,0,1,4,0
1052,1,0,3,2
1053,1,1,4,1
1054,0,0,1,4
1055,1,1,4,4
1056,0,1,1,3
1057,1,1,1,0
1058,0,0,4,4
1059,0,1,4,1
1060,1,0,3,2
1061,1,1,1,4
1062,0,0,1,4
1063,1,1,1,0
1064,1,0,3,1
1065,0,0,1,3
1066,1,1,3,2
1067,1,1,1,1
1068,0,0,3,2
1069,0,1,4,4
1070,1,0,4,1
1071,0,0,4,3
1072,1,0,4,3
1073,1,0,1,4
1074,0,0,3,1
1075,0,0,4,1
1076,1,0,0,2
1077,0,0,3,2
1078,0,0,0,2
1079,1,1,4,3
1080,1,1,3,3
1081,1,0,4,1
1082,1,0,1,3
1083,1,1,3,1
1084,0,1,3,2
1085,1,1,1,0
1086,1,1,3,1
1087,1,1,4,4
1088,1,1,0,2
1089,0,0,3,3
1090,1,0,2,0
1091,0,0,0,3
1092,1,0,0,1
1093,0,1,2,3
1094,0,1,4,4
1095,0,1,3,2
1096,1,0,4,0
1097,1,0,3,2
1098,0,0,3,0
1099,0,1,0,2
1100,0,0,2,0
1101,0,0,2,3
1102,1,1,4,1
1103,0,1,0,1
1104,0,1,2,0
1105,0,0,4,4
1106,0,0,4,4
1107,1,0,1,4
1108,1,0,4,0
1109,0,1,4,1
1110,1,0,1,4
1111,0,0,0,2
1112,0,1,0,0
1113,0,0,4,0
1114,0,0,2,1
1115,0,0,4,4
1116,1,0,2,0
1117,1,0,4,4
1118,1,1,4,3
1119,0,1,1,4
1120,0,0,1,4
1121,0,0,3,1
1122,0,0,4,4
1123,0,1,4,0
1124,1,1,2,1
1125,1,1,4,1
1126,1,0,4,0
1127,1,0,0,0
1128,1,0,2,0
1129,1,0,2,0
1130,0,0,4,1
1131,1,1,4,0
1132,1,0,4,0
1133,1,1,1,4
1134,1,1,2,0
1135,0,1,2,0
1136,1,0,2,0
1137,0,1,4,0
1138,1,0,0,2
1139,1,0,1,4
1140,1,0,4,3
1141,0,0,3,2
1142,1,1,2,0
1143,1,1,4,3
1144,0,1,4,0
1145,0,0,1,3
1146,1,0,0,2
1147,1,1,1,4
1148,1,0,3,1
1149,1,1,1,3
1150,0,1,3,2
1151,1,1,3,2
1152,0,1,3,4
1153,1,0,4,3
1154,0,0,0,2
1155,1,0,0,2
1156,0,0,2,3
1157,1,0,4,1
1158,0,1,4,0
1159,0,0,0,2
1160,1,1,4,0
1161,0,1,4,0
1162,1,1,3,2
1163,1,0,1,3
1164,1,1,4,3
1165,0,0,4,1
1166,0,0,3,2
1167,0,0,4,0
1168,1,0,4,3
1169,1,0,2,1
1170,1,0,3,3
1171,1,1,1,4
1172,0,0,4,3
1173,0,0,4,1
1174,0,1,1,4
1175,0,1,3,3
1176,0,1,2,3
1177,0,0,2,4
1178,0,1,1,4
1179,0,1,2,0
1180,1,0,1,4
1181,1,0,4,3
1182,1,1,4,1
1183,0,0,2,1
1184,0,0,2,3
1185,0,1,3,1
1186,0,1,3,2
1187,1,1,4,3
1188,1,1,4,3
1189,0,1,4,4
1190,0,0,4,0
1191,0,0,3,1
1192,0,1,1,4
1193,1,0,0,2
1194,1,0,2,1
1195,1,1,1,1
1196,1,1,1,1
1197,1,0,3,2
1198,1,0,3,1
1199,1,1,1,3
