subject_id,group,metric_a,metric_b,age,sex,batch,outlier_flag,missing_flag
S001,control,12.34,45.2,23,F,B1,0,0
S002,control,11.87,44.8,25,M,B1,0,0
S003,treatment,15.62,52.1,24,F,B1,0,0
S004,treatment,16.01,53.4,26,M,B2,0,0
S005,control,12.05,46.0,22,F,B2,0,0
S006,treatment,15.88,51.7,27,M,B2,0,0
S007,control,11.92,45.5,24,F,B1,0,0
S008,treatment,16.20,54.0,25,M,B2,0,0
S009,control,12.11,45.9,23,M,B1,0,0
S010,treatment,15.45,51.2,26,F,B2,0,0
S011,control,12.28,46.3,24,F,B1,0,0
S012,treatment,15.73,52.8,25,M,B2,0,0
S013,control,11.99,45.1,23,F,B1,0,0
S014,treatment,16.10,53.6,27,M,B2,0,0
S015,control,12.40,46.5,25,M,B1,0,0
S016,treatment,15.55,51.9,24,F,B2,0,0
S017,control,12.17,45.7,22,F,B1,0,0
S018,treatment,15.91,52.4,26,M,B2,0,0
S019,control,12.02,45.3,24,M,B1,0,0
S020,treatment,15.68,52.0,25,F,B2,0,0
