章节,分值占比,掌握度,优先级分数,阶段,分配时长h,时间占比,闭环判据
线代-行列式与矩阵,0.122,3,0.365,前8周(重点),36.5,12.2%,近5年真题正确率>=80% 且 大题步骤完整率=100%
高数-多元微分学,0.119,3,0.358,前8周(重点),35.8,11.9%,近5年真题正确率>=80% 且 大题步骤完整率=100%
高数-级数,0.109,3,0.327,前8周(重点),32.7,10.9%,近5年真题正确率>=80% 且 大题步骤完整率=100%
高数-一元积分学,0.107,3,0.321,前8周(重点),32.1,10.7%,近5年真题正确率>=80% 且 大题步骤完整率=100%
高数-常微分方程,0.090,3,0.270,前8周(重点),27.0,9.0%,近5年真题正确率>=80% 且 大题步骤完整率=100%
概率-随机变量与分布,0.082,3,0.245,前8周(重点),24.5,8.2%,近5年真题正确率>=80% 且 大题步骤完整率=100%
高数-一元微分学,0.071,3,0.214,前8周(重点),21.4,7.1%,近5年真题正确率>=80% 且 大题步骤完整率=100%
概率-数字特征与大数定律,0.065,3,0.195,前8周(重点),19.5,6.5%,近5年真题正确率>=80% 且 大题步骤完整率=100%
线代-向量与方程组,0.063,3,0.189,前8周(重点),18.9,6.3%,近5年真题正确率>=80% 且 大题步骤完整率=100%
线代-特征值与二次型,0.059,3,0.176,前8周(重点),17.6,5.9%,近5年真题正确率>=80% 且 大题步骤完整率=100%
高数-多元积分学,0.059,3,0.176,前8周(重点),17.6,5.9%,近5年真题正确率>=80% 且 大题步骤完整率=100%
高数-极限与连续,0.055,3,0.164,前8周(重点),16.4,5.5%,近5年真题正确率>=80% 且 大题步骤完整率=100%
