dose_uM,log10_dose_uM,replicate,group,response_raw,inhibition_fraction,missing_flag,outlier_flag,audit_note
0.01,-2.000,1,control,0.98,0.02,false,false,示意值，需真实数据验证
0.01,-2.000,2,control,0.97,0.03,false,false,示意值，需真实数据验证
0.1,-1.000,1,treatment,0.95,0.05,false,false,示意值，需真实数据验证
1.0,0.000,1,treatment,0.80,0.20,false,false,示意值，需真实数据验证
10.0,1.000,1,treatment,0.45,0.55,false,false,示意值，需真实数据验证
100.0,2.000,1,treatment,0.12,0.88,false,false,示意值，需真实数据验证
1000.0,3.000,1,treatment,0.05,0.95,false,false,示意值，需真实数据验证
1000.0,3.000,2,treatment,,,true,false,缺失值，保留并标记
0.1,-1.000,2,treatment,0.94,0.06,false,true,异常点标记不删除
