record_id,stu_id,subject,batch,score,duration_min,submit_ts,status
R00001,S1000,语文,2024期中,110.5,49.6,2024-01-25 08:41,normal
R00002,S1000,语文,2024期末,69.9,47.0,2024-02-23 15:47,normal
R00003,S1000,数学,2024期中,104.7,51.5,2024-02-16 09:55,normal
R00004,S1000,数学,2024期末,106.2,71.3,2024-02-17 12:13,normal
R00005,S1000,英语,2024期中,111.6,50.4,2024-02-24 10:37,normal
R00006,S1000,英语,2024期末,101.7,53.2,2024-01-27 12:53,normal
R00007,S1000,物理,2024期中,64.9,56.5,2024-01-18 12:02,normal
R00008,S1000,物理,2024期末,75.0,64.3,2024-02-23 11:58,normal
R00009,S1001,语文,2024期中,95.8,51.9,2024-01-18 15:11,normal
R00010,S1001,语文,2024期末,102.9,51.6,2024-01-14 13:40,normal
R00011,S1001,数学,2024期中,118.4,65.4,2024-02-24 12:48,normal
R00012,S1001,数学,2024期末,107.1,62.2,2024-01-22 14:08,normal
R00013,S1001,英语,2024期中,117.2,60.7,2024-02-24 15:39,normal
R00014,S1001,英语,2024期末,78.8,56.8,2024-02-18 13:34,normal
R00015,S1001,物理,2024期中,66.7,74.9,2024-01-22 14:28,normal
R00016,S1001,物理,2024期末,49.8,56.7,2024-02-21 13:33,normal
R00017,S1002,语文,2024期中,117.8,67.9,2024-02-10 11:26,normal
R00018,S1002,语文,2024期末,120.4,58.1,2024-02-25 08:14,normal
R00019,S1002,数学,2024期中,88.4,65.0,2024-02-15 12:39,normal
R00020,S1002,数学,2024期末,97.3,61.6,2024-02-21 12:24,normal
R00021,S1002,英语,2024期中,113.2,53.4,2024-01-10 09:05,normal
R00022,S1002,英语,2024期末,,64.9,2024-02-12 17:30,absent
R00023,S1002,物理,2024期中,75.8,64.5,2024-01-18 09:22,normal
R00024,S1002,物理,2024期末,64.9,59.2,2024-02-16 17:05,normal
R00025,S1003,语文,2024期中,81.2,50.0,2024-01-26 12:41,normal
R00026,S1003,语文,2024期末,98.2,73.0,2024-01-24 10:43,normal
R00027,S1003,数学,2024期中,88.2,57.9,2024-01-11 12:54,normal
R00028,S1003,数学,2024期末,120.1,42.7,2024-02-15 16:34,normal
R00029,S1003,英语,2024期中,94.3,45.5,2024-01-23 12:43,normal
R00030,S1003,英语,2024期末,109.2,60.2,2024-01-20 08:38,normal
R00031,S1003,物理,2024期中,57.7,61.8,2024-02-10 09:29,normal
R00032,S1003,物理,2024期末,80.0,63.6,2024-02-11 09:35,normal
R00033,S1004,语文,2024期中,93.5,50.7,2024-02-20 12:20,normal
R00034,S1004,语文,2024期末,116.4,57.8,2024-01-27 12:28,normal
R00035,S1004,数学,2024期中,110.6,68.4,2024-01-18 14:29,normal
R00036,S1004,数学,2024期末,112.5,50.1,2024-02-18 16:16,normal
R00037,S1004,英语,2024期中,90.4,55.8,2024-02-17 10:01,normal
R00038,S1004,英语,2024期末,124.2,61.6,2024-02-12 11:33,normal
R00039,S1004,物理,2024期中,49.9,55.1,2024-01-15 10:39,normal
R00040,S1004,物理,2024期末,0.0,1.9,2024-01-11 14:54,no_answer
R00041,S1005,语文,2024期中,83.7,50.3,2024-01-19 13:22,normal
R00042,S1005,语文,2024期末,90.2,68.4,2024-02-15 10:57,normal
R00043,S1005,数学,2024期中,111.9,58.4,2024-02-14 17:56,normal
R00044,S1005,数学,2024期末,113.0,55.5,2024-01-17 17:59,normal
R00045,S1005,英语,2024期中,108.1,75.8,2024-02-26 10:53,normal
R00046,S1005,英语,2024期末,110.1,73.1,2024-01-23 11:39,normal
R00047,S1005,物理,2024期中,83.3,64.3,2024-02-23 11:15,normal
R00048,S1005,物理,2024期末,55.3,46.3,2024-01-12 08:49,normal
R00049,S1006,语文,2024期中,,56.2,2024-01-20 15:52,absent
R00050,S1006,语文,2024期末,130.3,51.1,2024-02-23 11:58,normal
R00051,S1006,数学,2024期中,104.9,58.4,2024-02-10 09:13,normal
R00052,S1006,数学,2024期末,106.6,66.4,2024-02-12 10:30,normal
R00053,S1006,英语,2024期中,89.8,47.8,2024-01-13 16:48,normal
R00054,S1006,英语,2024期末,121.5,46.7,2024-02-12 12:07,normal
R00055,S1006,物理,2024期中,75.9,55.2,2024-02-15 09:29,normal
R00056,S1006,物理,2024期末,76.5,73.4,2024-02-15 17:55,normal
R00057,S1007,语文,2024期中,101.0,62.4,2024-01-21 16:06,normal
R00058,S1007,语文,2024期末,106.6,62.3,2024-01-27 09:35,normal
R00059,S1007,数学,2024期中,89.6,57.1,2024-01-18 14:47,normal
R00060,S1007,数学,2024期末,110.7,72.1,2024-01-24 10:47,normal
R00061,S1007,英语,2024期中,66.3,58.4,2024-02-20 17:52,normal
R00062,S1007,英语,2024期末,144.8,54.7,2024-01-16 17:25,normal
R00063,S1007,物理,2024期中,68.9,42.4,2024-01-18 13:14,normal
R00064,S1007,物理,2024期末,54.6,49.0,2024-02-24 17:06,normal
R00065,S1008,语文,2024期中,83.9,56.3,2024-01-12 09:49,normal
R00066,S1008,语文,2024期末,87.2,57.5,2024-02-26 13:09,normal
R00067,S1008,数学,2024期中,0.0,1.9,2024-01-12 13:01,no_answer
R00068,S1008,数学,2024期末,100.2,62.3,2024-02-10 12:35,normal
R00069,S1008,英语,2024期中,123.2,61.6,2024-02-15 17:30,normal
R00070,S1008,英语,2024期末,105.0,52.8,2024-02-10 12:10,normal
R00071,S1008,物理,2024期中,100.0,80.9,2024-02-20 17:24,normal
R00072,S1008,物理,2024期末,60.8,48.9,2024-01-25 09:03,normal
R00073,S1009,语文,2024期中,113.6,42.6,2024-02-25 16:54,normal
R00074,S1009,语文,2024期末,85.0,55.3,2024-02-24 14:38,normal
R00075,S1009,数学,2024期中,99.7,59.0,2024-02-19 11:30,normal
R00076,S1009,数学,2024期末,131.5,34.3,2024-02-16 14:38,normal
R00077,S1009,英语,2024期中,110.3,56.3,2024-01-18 09:25,normal
R00078,S1009,英语,2024期末,136.1,44.7,2024-02-16 15:19,normal
R00079,S1009,物理,2024期中,69.3,49.5,2024-01-15 15:56,normal
R00080,S1009,物理,2024期末,77.0,77.3,2024-02-15 12:32,normal
R00081,S1010,语文,2024期中,136.4,64.4,2024-01-24 13:31,normal
R00082,S1010,语文,2024期末,106.2,53.0,2024-01-23 08:12,normal
R00083,S1010,数学,2024期中,119.1,58.1,2024-02-21 14:05,normal
R00084,S1010,数学,2024期末,137.8,67.3,2024-02-26 15:08,normal
R00085,S1010,英语,2024期中,0.0,0.5,2024-01-20 12:46,no_answer
R00086,S1010,英语,2024期末,92.4,49.9,2024-01-14 15:35,normal
R00087,S1010,物理,2024期中,61.9,63.1,2024-01-20 08:34,normal
R00088,S1010,物理,2024期末,42.5,63.0,2024-02-23 17:47,normal
R00089,S1011,语文,2024期中,134.1,39.4,2024-01-26 16:07,normal
R00090,S1011,语文,2024期末,76.5,74.8,2024-01-21 15:25,normal
R00091,S1011,数学,2024期中,94.7,68.1,2024-02-16 15:53,normal
R00092,S1011,数学,2024期末,,62.7,2024-02-16 13:18,invalid_score
R00093,S1011,英语,2024期中,102.3,63.8,2024-01-26 13:26,normal
R00094,S1011,英语,2024期末,102.7,74.8,2024-01-19 17:56,normal
R00095,S1011,物理,2024期中,72.4,68.4,2024-01-16 14:59,normal
R00096,S1011,物理,2024期末,80.3,68.4,2024-01-12 10:51,normal
R00097,S1012,语文,2024期中,101.3,40.0,2024-01-20 08:41,normal
R00098,S1012,语文,2024期末,106.9,73.1,2024-02-24 12:17,normal
R00099,S1012,数学,2024期中,76.2,52.1,2024-01-15 13:55,normal
R00100,S1012,数学,2024期末,110.0,45.9,2024-01-27 08:52,normal
R00101,S1012,英语,2024期中,96.5,64.6,2024-01-11 14:59,normal
R00102,S1012,英语,2024期末,93.1,61.4,2024-02-11 14:53,normal
R00103,S1012,物理,2024期中,76.4,53.0,2024-01-12 16:46,normal
R00104,S1012,物理,2024期末,79.8,56.1,2024-01-21 17:02,normal
R00105,S1013,语文,2024期中,102.9,68.3,2024-02-20 17:48,normal
R00106,S1013,语文,2024期末,78.3,36.7,2024-01-11 14:48,normal
R00107,S1013,数学,2024期中,99.9,62.0,2024-02-22 16:50,normal
R00108,S1013,数学,2024期末,103.8,73.5,2024-02-21 08:51,normal
R00109,S1013,英语,2024期中,94.3,45.2,2024-01-13 08:16,normal
R00110,S1013,英语,2024期末,119.5,77.2,2024-02-21 13:03,normal
R00111,S1013,物理,2024期中,57.5,64.7,2024-01-25 12:42,normal
R00112,S1013,物理,2024期末,81.1,53.9,2024-02-13 11:58,normal
R00113,S1014,语文,2024期中,93.2,64.3,2024-01-21 16:34,normal
R00114,S1014,语文,2024期末,111.5,73.2,2024-02-15 12:34,normal
R00115,S1014,数学,2024期中,124.2,56.7,2024-01-26 09:08,normal
R00116,S1014,数学,2024期末,102.6,63.5,2024-02-18 09:07,normal
R00117,S1014,英语,2024期中,106.2,61.6,2024-01-15 14:25,normal
R00118,S1014,英语,2024期末,,59.7,2024-02-17 09:24,absent
R00119,S1014,物理,2024期中,50.9,39.3,2024-02-15 17:02,normal
R00120,S1014,物理,2024期末,66.5,79.4,2024-01-14 08:34,normal
R00121,S1015,语文,2024期中,111.3,55.9,2024-02-21 13:39,normal
R00122,S1015,语文,2024期末,116.1,56.6,2024-01-19 09:25,normal
R00123,S1015,数学,2024期中,105.1,86.0,2024-02-19 16:44,normal
R00124,S1015,数学,2024期末,106.6,65.8,2024-02-19 15:31,normal
R00125,S1015,英语,2024期中,91.0,64.3,2024-02-25 11:29,normal
R00126,S1015,英语,2024期末,116.0,66.7,2024-02-25 16:03,normal
R00127,S1015,物理,2024期中,66.6,64.5,2024-01-13 15:18,normal
R00128,S1015,物理,2024期末,48.0,56.6,2024-01-24 15:51,normal
R00129,S1016,语文,2024期中,129.5,69.0,2024-01-20 14:07,normal
R00130,S1016,语文,2024期末,51.6,54.6,2024-01-27 12:46,normal
R00131,S1016,数学,2024期中,94.9,64.7,2024-01-22 15:23,normal
R00132,S1016,数学,2024期末,106.8,59.1,2024-02-13 15:31,normal
R00133,S1016,英语,2024期中,117.0,53.1,2024-01-25 17:59,normal
R00134,S1016,英语,2024期末,87.5,51.1,2024-02-27 14:08,normal
R00135,S1016,物理,2024期中,86.8,55.6,2024-01-11 16:45,normal
R00136,S1016,物理,2024期末,73.1,75.6,2024-02-12 11:10,normal
R00137,S1017,语文,2024期中,96.9,64.5,2024-02-14 09:17,normal
R00138,S1017,语文,2024期末,95.3,71.5,2024-02-18 08:05,normal
R00139,S1017,数学,2024期中,74.6,51.7,2024-02-21 13:38,normal
R00140,S1017,数学,2024期末,100.4,58.4,2024-02-11 15:21,normal
R00141,S1017,英语,2024期中,117.7,66.6,2024-02-25 11:28,normal
R00142,S1017,英语,2024期末,110.3,80.4,2024-01-19 12:54,normal
R00143,S1017,物理,2024期中,61.0,49.7,2024-01-16 13:29,normal
R00144,S1017,物理,2024期末,63.8,51.1,2024-01-17 17:55,normal
R00145,S1018,语文,2024期中,105.9,52.3,2024-01-16 11:11,normal
R00146,S1018,语文,2024期末,102.1,53.5,2024-02-18 12:18,normal
R00147,S1018,数学,2024期中,78.9,59.3,2024-01-15 09:42,normal
R00148,S1018,数学,2024期末,108.4,45.5,2024-02-21 16:28,normal
R00149,S1018,英语,2024期中,100.5,63.6,2024-02-22 10:57,normal
R00150,S1018,英语,2024期末,99.7,49.3,2024-01-12 13:43,normal
R00151,S1018,物理,2024期中,55.9,51.6,2024-02-21 12:58,normal
R00152,S1018,物理,2024期末,55.3,62.5,2024-02-23 17:44,normal
R00153,S1019,语文,2024期中,97.4,43.5,2024-01-10 13:46,normal
R00154,S1019,语文,2024期末,95.6,68.1,2024-02-18 11:58,normal
R00155,S1019,数学,2024期中,114.3,54.2,2024-02-11 10:33,normal
R00156,S1019,数学,2024期末,93.5,65.4,2024-01-24 10:02,normal
R00157,S1019,英语,2024期中,74.7,65.4,2024-01-11 17:40,normal
R00158,S1019,英语,2024期末,79.4,64.5,2024-01-25 15:44,normal
R00159,S1019,物理,2024期中,78.6,62.4,2024-02-14 09:37,normal
R00160,S1019,物理,2024期末,64.7,60.3,2024-02-19 10:40,normal
R00161,S1020,语文,2024期中,113.5,54.7,2024-02-26 14:40,normal
R00162,S1020,语文,2024期末,86.3,35.9,2024-02-16 15:51,normal
R00163,S1020,数学,2024期中,97.7,40.6,2024-01-17 09:16,normal
R00164,S1020,数学,2024期末,101.6,48.9,2024-02-11 14:20,normal
R00165,S1020,英语,2024期中,78.1,67.0,2024-02-27 14:17,normal
R00166,S1020,英语,2024期末,98.9,58.6,2024-01-20 09:59,normal
R00167,S1020,物理,2024期中,54.8,42.7,2024-01-17 12:54,normal
R00168,S1020,物理,2024期末,92.2,58.3,2024-01-16 08:04,normal
R00169,S1021,语文,2024期中,115.6,63.2,2024-01-18 17:38,normal
R00170,S1021,语文,2024期末,126.8,56.8,2024-02-27 17:45,normal
R00171,S1021,数学,2024期中,88.8,56.6,2024-01-26 11:14,normal
R00172,S1021,数学,2024期末,75.9,64.8,2024-01-19 17:44,normal
R00173,S1021,英语,2024期中,119.1,62.7,2024-01-15 16:14,normal
R00174,S1021,英语,2024期末,120.0,63.5,2024-01-25 08:16,normal
R00175,S1021,物理,2024期中,75.0,63.9,2024-02-24 14:26,normal
R00176,S1021,物理,2024期末,77.5,72.5,2024-02-22 10:48,normal
R00177,S1022,语文,2024期中,96.0,55.6,2024-01-13 09:33,normal
R00178,S1022,语文,2024期末,132.0,55.4,2024-01-27 15:30,normal
R00179,S1022,数学,2024期中,100.6,69.5,2024-02-27 15:06,normal
R00180,S1022,数学,2024期末,90.9,36.8,2024-02-11 17:27,normal
R00181,S1022,英语,2024期中,101.4,71.1,2024-01-10 16:06,normal
R00182,S1022,英语,2024期末,104.0,70.5,2024-02-22 12:12,normal
R00183,S1022,物理,2024期中,76.7,57.8,2024-01-17 09:00,normal
R00184,S1022,物理,2024期末,78.4,49.6,2024-01-10 09:30,normal
R00185,S1023,语文,2024期中,83.1,44.4,2024-01-17 13:46,normal
R00186,S1023,语文,2024期末,86.6,59.0,2024-01-15 13:14,normal
R00187,S1023,数学,2024期中,78.1,50.8,2024-01-14 15:19,normal
R00188,S1023,数学,2024期末,118.8,48.6,2024-01-18 16:42,normal
R00189,S1023,英语,2024期中,106.0,65.5,2024-01-12 08:55,normal
R00190,S1023,英语,2024期末,107.8,67.8,2024-02-10 09:06,normal
R00191,S1023,物理,2024期中,43.0,70.0,2024-01-20 10:35,normal
R00192,S1023,物理,2024期末,47.7,61.0,2024-01-25 13:37,normal
R00193,S1024,语文,2024期中,114.3,56.3,2024-02-25 10:15,normal
R00194,S1024,语文,2024期末,99.6,49.8,2024-02-20 17:59,normal
R00195,S1024,数学,2024期中,125.4,50.8,2024-01-15 13:47,normal
R00196,S1024,数学,2024期末,113.0,72.5,2024-02-17 14:19,normal
R00197,S1024,英语,2024期中,116.5,63.4,2024-02-16 11:01,normal
R00198,S1024,英语,2024期末,0.0,0.5,2024-02-22 11:44,no_answer
R00199,S1024,物理,2024期中,86.3,62.6,2024-01-20 10:07,normal
R00200,S1024,物理,2024期末,72.4,,2024-01-13 15:30,invalid_duration
R00201,S1025,语文,2024期中,81.6,59.5,2024-02-10 13:59,normal
R00202,S1025,语文,2024期末,121.1,60.1,2024-02-26 08:52,normal
R00203,S1025,数学,2024期中,101.3,49.2,2024-01-14 15:03,normal
R00204,S1025,数学,2024期末,82.5,65.1,2024-01-21 17:50,normal
R00205,S1025,英语,2024期中,102.8,70.0,2024-01-14 16:52,normal
R00206,S1025,英语,2024期末,105.7,51.5,2024-01-19 13:23,normal
R00207,S1025,物理,2024期中,74.6,72.9,2024-02-20 10:45,normal
R00208,S1025,物理,2024期末,55.1,56.8,2024-02-19 17:00,normal
R00209,S1026,语文,2024期中,94.6,62.5,2024-01-17 17:05,normal
R00210,S1026,语文,2024期末,110.6,56.0,2024-01-22 12:08,normal
R00211,S1026,数学,2024期中,84.5,55.2,2024-02-13 17:51,normal
R00212,S1026,数学,2024期末,110.7,48.4,2024-01-18 16:44,normal
R00213,S1026,英语,2024期中,105.5,60.3,2024-01-19 08:44,normal
R00214,S1026,英语,2024期末,56.9,64.0,2024-02-20 12:06,normal
R00215,S1026,物理,2024期中,65.4,52.5,2024-02-24 13:05,normal
R00216,S1026,物理,2024期末,87.1,78.4,2024-01-10 10:58,normal
R00217,S1027,语文,2024期中,105.6,77.5,2024-02-25 14:23,normal
R00218,S1027,语文,2024期末,111.6,91.8,2024-02-20 11:24,normal
R00219,S1027,数学,2024期中,122.4,56.4,2024-02-18 08:11,normal
R00220,S1027,数学,2024期末,105.6,62.8,2024-02-12 11:09,normal
R00221,S1027,英语,2024期中,112.6,40.6,2024-01-27 15:14,normal
R00222,S1027,英语,2024期末,79.0,59.4,2024-02-25 11:16,normal
R00223,S1027,物理,2024期中,80.0,46.6,2024-01-19 08:28,normal
R00224,S1027,物理,2024期末,69.4,62.8,2024-01-18 08:57,normal
R00225,S1028,语文,2024期中,106.1,41.1,2024-02-11 10:15,normal
R00226,S1028,语文,2024期末,101.0,59.0,2024-01-25 15:54,normal
R00227,S1028,数学,2024期中,,48.9,2024-01-27 13:04,absent
R00228,S1028,数学,2024期末,110.2,72.4,2024-01-19 12:05,normal
R00229,S1028,英语,2024期中,74.3,51.7,2024-01-19 13:09,normal
R00230,S1028,英语,2024期末,105.7,,2024-01-25 11:35,invalid_duration
R00231,S1028,物理,2024期中,59.7,64.8,2024-02-16 16:24,normal
R00232,S1028,物理,2024期末,71.2,58.5,2024-01-13 14:56,normal
R00233,S1029,语文,2024期中,142.1,57.7,2024-02-11 11:15,normal
R00234,S1029,语文,2024期末,85.6,52.5,2024-02-17 08:26,normal
R00235,S1029,数学,2024期中,93.8,69.9,2024-01-25 13:52,normal
R00236,S1029,数学,2024期末,87.7,65.3,2024-02-14 11:14,normal
R00237,S1029,英语,2024期中,99.3,51.3,2024-01-25 08:46,normal
R00238,S1029,英语,2024期末,102.0,78.8,2024-01-19 11:32,normal
R00239,S1029,物理,2024期中,67.2,60.8,2024-01-12 09:57,normal
R00240,S1029,物理,2024期末,84.0,76.5,2024-01-12 11:33,normal
R00241,S1030,语文,2024期中,84.3,59.1,2024-02-10 11:07,normal
R00242,S1030,语文,2024期末,108.8,68.9,2024-02-20 08:27,normal
R00243,S1030,数学,2024期中,110.2,56.4,2024-02-13 16:59,normal
R00244,S1030,数学,2024期末,111.9,23.5,2024-01-18 16:09,normal
R00245,S1030,英语,2024期中,113.6,48.4,2024-02-10 17:20,normal
R00246,S1030,英语,2024期末,96.3,82.4,2024-01-23 14:47,normal
R00247,S1030,物理,2024期中,89.4,61.3,2024-02-17 10:38,normal
R00248,S1030,物理,2024期末,69.6,46.4,2024-01-15 16:03,normal
R00249,S1031,语文,2024期中,121.6,60.3,2024-01-12 15:37,normal
R00250,S1031,语文,2024期末,109.0,66.2,2024-02-15 12:43,normal
R00251,S1031,数学,2024期中,124.9,55.9,2024-02-20 08:28,normal
R00252,S1031,数学,2024期末,113.3,44.7,2024-02-13 08:40,normal
R00253,S1031,英语,2024期中,111.7,66.3,2024-02-18 10:53,normal
R00254,S1031,英语,2024期末,99.6,55.2,2024-01-15 11:56,normal
R00255,S1031,物理,2024期中,91.5,73.1,2024-01-17 16:33,normal
R00256,S1031,物理,2024期末,79.2,61.2,2024-02-26 11:25,normal
R00257,S1032,语文,2024期中,103.9,52.7,2024-02-17 12:26,normal
R00258,S1032,语文,2024期末,105.1,63.4,2024-01-22 09:39,normal
R00259,S1032,数学,2024期中,118.6,63.8,2024-02-15 16:11,normal
R00260,S1032,数学,2024期末,96.0,43.4,2024-02-14 17:40,normal
R00261,S1032,英语,2024期中,105.9,57.3,2024-02-12 10:17,normal
R00262,S1032,英语,2024期末,111.1,63.2,2024-02-13 17:32,normal
R00263,S1032,物理,2024期中,44.7,56.4,2024-02-20 15:15,normal
R00264,S1032,物理,2024期末,69.9,70.5,2024-02-27 13:23,normal
R00265,S1033,语文,2024期中,,64.9,2024-02-17 15:52,invalid_score
R00266,S1033,语文,2024期末,122.8,54.4,2024-01-26 16:51,normal
R00267,S1033,数学,2024期中,87.8,69.7,2024-02-18 12:37,normal
R00268,S1033,数学,2024期末,91.3,51.4,2024-01-26 17:55,normal
R00269,S1033,英语,2024期中,87.8,64.4,2024-01-23 17:45,normal
R00270,S1033,英语,2024期末,107.0,84.5,2024-02-18 14:14,normal
R00271,S1033,物理,2024期中,71.8,64.1,2024-01-14 12:35,normal
R00272,S1033,物理,2024期末,68.2,74.5,2024-02-24 10:51,normal
R00273,S1034,语文,2024期中,93.4,59.4,2024-01-16 12:47,normal
R00274,S1034,语文,2024期末,131.0,59.2,2024-02-23 14:06,normal
R00275,S1034,数学,2024期中,100.9,44.1,2024-01-13 17:09,normal
R00276,S1034,数学,2024期末,128.7,88.1,2024-02-26 10:58,normal
R00277,S1034,英语,2024期中,109.4,58.5,2024-02-24 10:16,normal
R00278,S1034,英语,2024期末,107.0,55.9,2024-01-12 15:49,normal
R00279,S1034,物理,2024期中,77.8,57.2,2024-02-19 10:30,normal
R00280,S1034,物理,2024期末,79.5,61.8,2024-01-27 08:59,normal
R00281,S1035,语文,2024期中,103.8,75.8,2024-02-23 09:58,normal
R00282,S1035,语文,2024期末,127.4,71.3,2024-01-17 10:03,normal
R00283,S1035,数学,2024期中,114.4,49.0,2024-01-24 14:49,normal
R00284,S1035,数学,2024期末,90.7,73.0,2024-01-15 10:44,normal
R00285,S1035,英语,2024期中,100.1,48.5,2024-01-26 10:08,normal
R00286,S1035,英语,2024期末,106.4,71.3,2024-01-12 11:32,normal
R00287,S1035,物理,2024期中,58.1,64.5,2024-01-10 08:26,normal
R00288,S1035,物理,2024期末,67.2,58.2,2024-01-21 15:49,normal
R00289,S1036,语文,2024期中,,57.6,2024-01-25 10:49,absent
R00290,S1036,语文,2024期末,100.3,53.1,2024-01-11 12:23,normal
R00291,S1036,数学,2024期中,128.2,60.6,2024-01-23 10:30,normal
R00292,S1036,数学,2024期末,105.1,77.2,2024-01-16 12:13,normal
R00293,S1036,英语,2024期中,95.2,60.1,2024-02-12 15:05,normal
R00294,S1036,英语,2024期末,98.1,70.2,2024-01-24 08:23,normal
R00295,S1036,物理,2024期中,81.6,62.7,2024-02-21 09:26,normal
R00296,S1036,物理,2024期末,71.3,60.0,2024-02-27 17:52,normal
R00297,S1037,语文,2024期中,,48.1,2024-01-21 17:17,absent
R00298,S1037,语文,2024期末,77.9,50.1,2024-02-19 11:49,normal
R00299,S1037,数学,2024期中,137.4,55.9,2024-02-10 17:36,normal
R00300,S1037,数学,2024期末,70.7,58.8,2024-01-17 10:45,normal
R00301,S1037,英语,2024期中,76.2,52.4,2024-01-16 15:16,normal
R00302,S1037,英语,2024期末,112.5,46.8,2024-01-20 14:40,normal
R00303,S1037,物理,2024期中,77.6,59.9,2024-01-13 13:53,normal
R00304,S1037,物理,2024期末,74.4,66.1,2024-02-26 08:28,normal
R00305,S1038,语文,2024期中,123.1,57.4,2024-01-11 11:12,normal
R00306,S1038,语文,2024期末,140.3,47.7,2024-01-22 08:12,normal
R00307,S1038,数学,2024期中,86.0,,2024-01-17 13:10,invalid_duration
R00308,S1038,数学,2024期末,103.2,53.5,2024-01-15 11:21,normal
R00309,S1038,英语,2024期中,89.2,82.8,2024-01-14 17:36,normal
R00310,S1038,英语,2024期末,96.2,58.1,2024-01-26 14:05,normal
R00311,S1038,物理,2024期中,53.5,41.9,2024-01-21 12:07,normal
R00312,S1038,物理,2024期末,85.9,59.6,2024-01-24 14:31,normal
R00313,S1039,语文,2024期中,119.1,51.0,2024-01-17 08:19,normal
R00314,S1039,语文,2024期末,94.6,65.6,2024-02-24 17:10,normal
R00315,S1039,数学,2024期中,84.8,48.2,2024-02-18 10:58,normal
R00316,S1039,数学,2024期末,106.6,63.3,2024-02-20 12:07,normal
R00317,S1039,英语,2024期中,115.3,66.2,2024-02-11 15:51,normal
R00318,S1039,英语,2024期末,87.0,76.8,2024-02-17 12:25,normal
R00319,S1039,物理,2024期中,70.8,55.9,2024-02-26 15:23,normal
R00320,S1039,物理,2024期末,51.3,69.7,2024-02-20 11:27,normal
R00321,S1040,语文,2024期中,110.4,52.7,2024-01-15 17:20,normal
R00322,S1040,语文,2024期末,104.3,77.4,2024-01-12 13:43,normal
R00323,S1040,数学,2024期中,106.8,68.0,2024-02-20 15:45,normal
R00324,S1040,数学,2024期末,102.9,51.6,2024-02-26 09:35,normal
R00325,S1040,英语,2024期中,115.7,75.4,2024-02-27 16:23,normal
R00326,S1040,英语,2024期末,111.7,53.8,2024-02-10 14:02,normal
R00327,S1040,物理,2024期中,89.4,63.6,2024-01-10 11:44,normal
R00328,S1040,物理,2024期末,44.0,39.9,2024-01-18 12:00,normal
R00329,S1041,语文,2024期中,109.5,46.7,2024-02-25 17:22,normal
R00330,S1041,语文,2024期末,119.8,61.7,2024-02-12 12:46,normal
R00331,S1041,数学,2024期中,66.7,62.6,2024-01-27 08:57,normal
R00332,S1041,数学,2024期末,93.1,48.4,2024-02-20 17:52,normal
R00333,S1041,英语,2024期中,,66.1,2024-02-18 10:33,absent
R00334,S1041,英语,2024期末,60.3,50.0,2024-02-17 17:22,normal
R00335,S1041,物理,2024期中,65.8,48.2,2024-02-24 10:50,normal
R00336,S1041,物理,2024期末,74.8,65.7,2024-02-25 08:01,normal
R00337,S1042,语文,2024期中,111.8,45.1,2024-01-22 13:09,normal
R00338,S1042,语文,2024期末,94.9,59.8,2024-02-21 09:02,normal
R00339,S1042,数学,2024期中,122.4,62.9,2024-02-13 12:08,normal
R00340,S1042,数学,2024期末,118.4,41.2,2024-01-11 13:56,normal
R00341,S1042,英语,2024期中,109.9,64.1,2024-01-27 10:04,normal
R00342,S1042,英语,2024期末,116.8,87.1,2024-02-21 11:25,normal
R00343,S1042,物理,2024期中,75.1,,2024-01-19 11:59,not_entered
R00344,S1042,物理,2024期末,97.7,63.3,2024-01-22 13:18,normal
R00345,S1043,语文,2024期中,103.0,57.5,2024-01-26 15:50,normal
R00346,S1043,语文,2024期末,111.3,79.1,2024-02-12 15:32,normal
R00347,S1043,数学,2024期中,95.9,55.9,2024-02-17 15:26,normal
R00348,S1043,数学,2024期末,121.5,42.7,2024-01-15 15:11,normal
R00349,S1043,英语,2024期中,111.8,48.7,2024-01-11 14:52,normal
R00350,S1043,英语,2024期末,122.3,44.9,2024-01-27 14:50,normal
R00351,S1043,物理,2024期中,50.7,59.8,2024-02-24 11:32,normal
R00352,S1043,物理,2024期末,72.1,62.9,2024-01-27 12:42,normal
R00353,S1044,语文,2024期中,53.4,56.8,2024-02-16 10:21,normal
R00354,S1044,语文,2024期末,106.7,72.5,2024-02-11 13:46,normal
R00355,S1044,数学,2024期中,88.5,53.3,2024-02-21 08:02,normal
R00356,S1044,数学,2024期末,113.3,41.3,2024-01-27 16:13,normal
R00357,S1044,英语,2024期中,101.7,65.8,2024-02-27 08:14,normal
R00358,S1044,英语,2024期末,99.2,58.0,2024-02-11 09:11,normal
R00359,S1044,物理,2024期中,78.3,62.6,2024-01-19 14:37,normal
R00360,S1044,物理,2024期末,76.2,55.8,2024-02-21 14:51,normal
R00361,S1045,语文,2024期中,127.7,73.7,2024-01-11 12:13,normal
R00362,S1045,语文,2024期末,122.9,69.7,2024-02-16 11:46,normal
R00363,S1045,数学,2024期中,101.2,63.9,2024-02-15 09:39,normal
R00364,S1045,数学,2024期末,88.6,68.2,2024-02-14 15:43,normal
R00365,S1045,英语,2024期中,118.4,,2024-02-13 16:06,not_entered
R00366,S1045,英语,2024期末,75.6,62.4,2024-01-19 17:26,normal
R00367,S1045,物理,2024期中,34.5,47.5,2024-02-18 17:25,normal
R00368,S1045,物理,2024期末,74.3,46.1,2024-01-14 15:38,normal
R00369,S1046,语文,2024期中,110.2,83.3,2024-01-18 12:53,normal
R00370,S1046,语文,2024期末,94.3,56.7,2024-02-24 15:38,normal
R00371,S1046,数学,2024期中,97.9,74.7,2024-01-21 09:51,normal
R00372,S1046,数学,2024期末,106.6,77.9,2024-01-21 15:40,normal
R00373,S1046,英语,2024期中,92.0,51.5,2024-02-17 14:48,normal
R00374,S1046,英语,2024期末,105.7,47.1,2024-01-18 13:12,normal
R00375,S1046,物理,2024期中,48.8,61.1,2024-01-13 11:37,normal
R00376,S1046,物理,2024期末,42.9,58.1,2024-02-14 13:06,normal
R00377,S1047,语文,2024期中,78.8,56.1,2024-01-13 11:17,normal
R00378,S1047,语文,2024期末,115.1,61.1,2024-02-23 09:42,normal
R00379,S1047,数学,2024期中,90.4,68.8,2024-02-18 16:08,normal
R00380,S1047,数学,2024期末,108.2,53.8,2024-01-12 15:33,normal
R00381,S1047,英语,2024期中,85.7,56.5,2024-01-18 10:46,normal
R00382,S1047,英语,2024期末,84.3,67.1,2024-01-18 12:49,normal
R00383,S1047,物理,2024期中,62.5,73.3,2024-01-13 10:28,normal
R00384,S1047,物理,2024期末,76.0,38.9,2024-02-23 09:18,normal
R00385,S1048,语文,2024期中,107.4,60.7,2024-01-17 15:18,normal
R00386,S1048,语文,2024期末,69.0,43.2,2024-02-23 08:55,normal
R00387,S1048,数学,2024期中,128.6,56.8,2024-01-25 14:59,normal
R00388,S1048,数学,2024期末,55.5,57.7,2024-02-26 13:47,normal
R00389,S1048,英语,2024期中,124.4,72.0,2024-02-10 13:28,normal
R00390,S1048,英语,2024期末,116.1,65.6,2024-01-20 15:33,normal
R00391,S1048,物理,2024期中,56.0,80.1,2024-02-14 09:47,normal
R00392,S1048,物理,2024期末,49.8,50.7,2024-02-25 09:53,normal
R00393,S1049,语文,2024期中,120.1,62.4,2024-02-14 16:36,normal
R00394,S1049,语文,2024期末,100.7,42.2,2024-02-20 14:17,normal
R00395,S1049,数学,2024期中,112.1,44.3,2024-02-11 14:56,normal
R00396,S1049,数学,2024期末,0.0,1.9,2024-01-22 14:11,no_answer
R00397,S1049,英语,2024期中,118.9,68.1,2024-02-14 17:54,normal
R00398,S1049,英语,2024期末,107.5,51.8,2024-02-24 12:14,normal
R00399,S1049,物理,2024期中,62.4,48.4,2024-02-14 08:25,normal
R00400,S1049,物理,2024期末,51.0,60.3,2024-02-23 14:46,normal
R00401,S1050,语文,2024期中,104.8,45.5,2024-02-13 14:00,normal
R00402,S1050,语文,2024期末,123.5,37.9,2024-02-10 10:12,normal
R00403,S1050,数学,2024期中,102.2,65.5,2024-02-11 09:23,normal
R00404,S1050,数学,2024期末,75.8,36.6,2024-01-13 09:11,normal
R00405,S1050,英语,2024期中,96.8,46.1,2024-02-25 13:38,normal
R00406,S1050,英语,2024期末,91.9,63.8,2024-01-17 14:24,normal
R00407,S1050,物理,2024期中,72.9,75.8,2024-02-23 08:45,normal
R00408,S1050,物理,2024期末,83.6,72.6,2024-01-13 09:11,normal
R00409,S1051,语文,2024期中,129.4,65.1,2024-01-24 10:54,normal
R00410,S1051,语文,2024期末,98.1,62.9,2024-02-14 09:15,normal
R00411,S1051,数学,2024期中,,53.2,2024-02-17 17:13,absent
R00412,S1051,数学,2024期末,73.0,63.2,2024-01-10 08:09,normal
R00413,S1051,英语,2024期中,105.8,67.6,2024-01-13 11:55,normal
R00414,S1051,英语,2024期末,125.4,36.6,2024-01-14 13:03,normal
R00415,S1051,物理,2024期中,82.9,47.8,2024-01-21 13:45,normal
R00416,S1051,物理,2024期末,69.8,62.8,2024-01-26 09:43,normal
R00417,S1052,语文,2024期中,122.5,,2024-01-19 17:44,not_entered
R00418,S1052,语文,2024期末,114.1,35.9,2024-01-12 17:14,normal
R00419,S1052,数学,2024期中,106.0,58.8,2024-02-20 16:23,normal
R00420,S1052,数学,2024期末,92.5,54.9,2024-02-14 15:44,normal
R00421,S1052,英语,2024期中,98.1,57.6,2024-02-13 11:47,normal
R00422,S1052,英语,2024期末,73.3,67.5,2024-02-26 09:59,normal
R00423,S1052,物理,2024期中,56.8,59.0,2024-02-18 08:59,normal
R00424,S1052,物理,2024期末,61.6,62.2,2024-02-25 08:17,normal
R00425,S1053,语文,2024期中,92.4,59.1,2024-02-27 12:53,normal
R00426,S1053,语文,2024期末,113.1,57.7,2024-01-16 10:36,normal
R00427,S1053,数学,2024期中,111.6,52.7,2024-02-10 12:13,normal
R00428,S1053,数学,2024期末,86.5,54.6,2024-02-18 12:03,normal
R00429,S1053,英语,2024期中,116.5,54.6,2024-02-10 16:23,normal
R00430,S1053,英语,2024期末,120.7,54.7,2024-01-23 13:15,normal
R00431,S1053,物理,2024期中,53.4,54.7,2024-01-13 13:31,normal
R00432,S1053,物理,2024期末,64.4,83.7,2024-02-14 12:01,normal
R00433,S1054,语文,2024期中,84.7,55.1,2024-01-21 11:44,normal
R00434,S1054,语文,2024期末,109.3,79.0,2024-01-18 08:38,normal
R00435,S1054,数学,2024期中,123.4,58.4,2024-02-24 08:20,normal
R00436,S1054,数学,2024期末,116.5,58.9,2024-01-27 09:54,normal
R00437,S1054,英语,2024期中,94.5,54.7,2024-02-13 10:12,normal
R00438,S1054,英语,2024期末,123.9,46.0,2024-01-11 08:59,normal
R00439,S1054,物理,2024期中,83.5,61.0,2024-02-24 15:34,normal
R00440,S1054,物理,2024期末,70.9,60.4,2024-01-25 11:38,normal
R00441,S1055,语文,2024期中,101.1,45.6,2024-01-18 15:20,normal
R00442,S1055,语文,2024期末,80.4,58.1,2024-01-24 15:15,normal
R00443,S1055,数学,2024期中,98.0,74.8,2024-02-25 14:19,normal
R00444,S1055,数学,2024期末,117.1,52.3,2024-02-11 16:45,normal
R00445,S1055,英语,2024期中,96.1,68.9,2024-01-22 14:54,normal
R00446,S1055,英语,2024期末,93.2,54.3,2024-01-15 11:33,normal
R00447,S1055,物理,2024期中,90.5,82.7,2024-01-21 17:08,normal
R00448,S1055,物理,2024期末,55.9,52.2,2024-02-22 14:04,normal
R00449,S1056,语文,2024期中,86.1,58.6,2024-01-11 17:13,normal
R00450,S1056,语文,2024期末,88.5,88.1,2024-02-14 16:49,normal
R00451,S1056,数学,2024期中,96.9,60.7,2024-02-18 13:29,normal
R00452,S1056,数学,2024期末,125.2,63.0,2024-02-18 17:31,normal
R00453,S1056,英语,2024期中,84.8,74.6,2024-01-11 12:30,normal
R00454,S1056,英语,2024期末,61.1,50.2,2024-01-18 13:28,normal
R00455,S1056,物理,2024期中,83.3,44.1,2024-02-13 12:13,normal
R00456,S1056,物理,2024期末,50.1,59.9,2024-02-17 11:46,normal
R00457,S1057,语文,2024期中,71.7,56.7,2024-01-20 17:09,normal
R00458,S1057,语文,2024期末,94.9,55.6,2024-01-21 09:19,normal
R00459,S1057,数学,2024期中,99.5,55.9,2024-01-23 09:13,normal
R00460,S1057,数学,2024期末,113.6,60.0,2024-01-23 12:50,normal
R00461,S1057,英语,2024期中,69.8,40.3,2024-02-15 11:15,normal
R00462,S1057,英语,2024期末,108.1,55.4,2024-02-27 08:59,normal
R00463,S1057,物理,2024期中,75.8,57.4,2024-02-25 12:55,normal
R00464,S1057,物理,2024期末,,66.4,2024-02-24 10:18,invalid_score
R00465,S1058,语文,2024期中,120.5,75.6,2024-01-27 17:54,normal
R00466,S1058,语文,2024期末,118.5,,2024-01-15 14:32,not_entered
R00467,S1058,数学,2024期中,115.4,60.9,2024-02-21 12:24,normal
R00468,S1058,数学,2024期末,131.6,51.0,2024-01-15 13:07,normal
R00469,S1058,英语,2024期中,120.8,45.0,2024-02-18 08:13,normal
R00470,S1058,英语,2024期末,105.6,48.8,2024-01-10 17:18,normal
R00471,S1058,物理,2024期中,62.3,62.3,2024-02-14 14:03,normal
R00472,S1058,物理,2024期末,75.7,53.1,2024-02-10 08:50,normal
R00473,S1059,语文,2024期中,112.1,46.0,2024-01-18 14:26,normal
R00474,S1059,语文,2024期末,130.4,70.2,2024-02-26 09:00,normal
R00475,S1059,数学,2024期中,101.2,66.8,2024-01-19 14:09,normal
R00476,S1059,数学,2024期末,120.7,54.4,2024-01-23 09:35,normal
R00477,S1059,英语,2024期中,85.8,41.7,2024-02-15 17:28,normal
R00478,S1059,英语,2024期末,130.7,43.7,2024-02-10 09:21,normal
R00479,S1059,物理,2024期中,64.5,61.0,2024-01-17 13:38,normal
R00480,S1059,物理,2024期末,57.2,62.0,2024-02-24 10:42,normal
