group,replicate,dose_raw,dose_unit,dose_uM,log10_dose_uM,response_raw,response_metric,inhibition,is_missing,missing_fields,is_outlier,outlier_flag
A,1,0.0,uM,0.0,,98.4764,viability_pct,0.015236000000000027,False,,False,
A,2,0.0,nM,0.0,,95.2972,viability_pct,0.04702799999999996,False,,False,
A,3,0.0,uM,0.0,,0.6392,inhibition_pct,0.006392,False,,False,
A,1,0.1,uM,0.1,-1.0,,viability_pct,,True,response_raw,False,
A,2,0.018,ug/mL,0.09999999999999999,-1.0,1.2365,inhibition_pct,0.012365,False,,False,
A,3,0.1,uM,0.1,-1.0,0.0,inhibition_pct,0.0,False,,False,
A,1,1.0,uM,1.0,0.0,82.9474,viability_pct,0.17052599999999996,False,,False,
A,2,0.18,ug/mL,1.0,0.0,90.7443,viability_pct,0.092557,False,,False,
A,3,1000.0,nM,1.0,0.0,10.5188,inhibition_pct,0.105188,False,,False,
A,1,10000.0,nM,10.0,1.0,28.4997,viability_pct,0.715003,False,,False,
A,2,,ug/mL,,,80.3813,inhibition_pct,0.803813,True,dose_raw,False,
A,3,10.0,uM,10.0,1.0,65.6042,inhibition_pct,0.656042,False,,False,
A,1,100.0,uM,100.0,2.0,96.7573,inhibition_pct,0.967573,False,,False,
A,2,100.0,uM,100.0,2.0,0.0,viability_pct,1.0,False,,False,
A,3,100.0,uM,100.0,2.0,8.529,viability_pct,0.91471,False,,False,
B,1,0.0,uM,0.0,,1.1608,inhibition_pct,0.011608,False,,False,
B,2,0.0,nM,0.0,,4.3571,inhibition_pct,0.043571,False,,False,
B,3,0.0,uM,0.0,,99.6621,viability_pct,0.003379000000000021,False,,False,
B,1,0.1,uM,0.1,-1.0,0.0,inhibition_pct,0.0,False,,False,
B,2,100.0,nM,0.1,-1.0,0.0,inhibition_pct,0.0,False,,False,
B,3,0.1,uM,0.1,-1.0,,viability_pct,,True,response_raw,False,
B,1,1.0,uM,1.0,0.0,95.7393,viability_pct,0.04260699999999995,False,,False,
B,2,1.0,uM,1.0,0.0,9.4912,inhibition_pct,0.094912,False,,False,
B,3,1000.0,nM,1.0,0.0,3.6233,inhibition_pct,0.036233,False,,False,
B,1,10000.0,nM,10.0,1.0,43.6216,inhibition_pct,0.436216,False,,False,
B,2,10000.0,nM,10.0,1.0,47.5142,viability_pct,0.524858,False,,False,
B,3,10.0,uM,10.0,1.0,52.1363,viability_pct,0.478637,False,,False,
B,1,18.0,ug/mL,100.0,2.0,92.5182,inhibition_pct,0.925182,False,,False,
B,2,100000.0,nM,100.0,2.0,7.7504,viability_pct,0.922496,False,,False,
B,3,100000.0,nM,100.0,2.0,3.5002,viability_pct,0.964998,False,,False,
C,1,0.0,uM,0.0,,2.4037,inhibition_pct,0.024037000000000003,False,,False,
C,2,0.0,uM,0.0,,100.0,viability_pct,0.0,False,,False,
C,3,0.0,nM,0.0,,0.0,inhibition_pct,0.0,False,,False,
C,1,0.018,ug/mL,0.09999999999999999,-1.0,100.0,viability_pct,0.0,False,,False,
C,2,0.018,ug/mL,0.09999999999999999,-1.0,99.2178,viability_pct,0.007821999999999996,False,,False,
C,3,0.1,uM,0.1,-1.0,6.3606,inhibition_pct,0.063606,False,,False,
C,1,0.18,ug/mL,1.0,0.0,25.5768,inhibition_pct,0.255768,False,,False,
C,2,1.0,uM,1.0,0.0,78.3096,viability_pct,0.21690399999999999,False,,False,
C,3,0.18,ug/mL,1.0,0.0,72.6438,viability_pct,0.27356199999999997,False,,False,
C,1,10.0,uM,10.0,1.0,15.3079,viability_pct,0.846921,False,,False,
C,2,10.0,uM,10.0,1.0,95.3485,inhibition_pct,0.953485,False,,False,
C,3,10000.0,nM,10.0,1.0,88.236,inhibition_pct,0.88236,False,,False,
C,1,100000.0,nM,100.0,2.0,100.0,inhibition_pct,1.0,False,,False,
C,2,100000.0,nM,100.0,2.0,6.8501,viability_pct,0.931499,False,,False,
C,3,100.0,uM,100.0,2.0,2.8554,viability_pct,0.971446,False,,False,
A,1,-1.0,uM,-1.0,,50.0,inhibition_pct,0.5,False,,True,negative_dose
B,2,10.0,uM,10.0,1.0,150.0,inhibition_pct,1.5,False,,True,out_of_range_inhibition
