dose,replicate,survival_pct
0.1,1,100.78836874671946
0.1,2,96.75426518873468
0.1,3,102.12557109487554
0.3,1,102.35331816976574
0.3,2,nan
0.3,3,95.62508550000516
1.0,1,98.42844066542591
1.0,2,97.09619167889332
1.0,3,97.99451598341119
3.0,1,90.52398905239022
3.0,2,95.72131475969945
3.0,3,95.4164966413978
10.0,1,76.46477118800705
10.0,2,999.0
10.0,3,77.66920712207953
30.0,1,44.746586683211056
30.0,2,48.43071642410827
30.0,3,44.447816269373774
100.0,1,22.7674823426888
100.0,2,19.982353705808226
100.0,3,19.5775443481312
300.0,1,7.54104245801253
300.0,2,13.251455107246445
300.0,3,9.120242645017948
1000.0,1,4.837269261982964
1000.0,2,5.065852077007596
1000.0,3,7.719180285132332
