dose_raw,dose_unit,inhibition_raw,replicate,group
0.0,uM,0.023,1,Vehicle
0.0,uM,0.0294,2,Vehicle
0.0,mM,2.13,3,Vehicle
0.1,uM,0.0115,1,Vehicle
100.0,nM,0.0207,2,Vehicle
0.1,uM,1.14,3,Vehicle
0.001,mM,0.0288,1,Vehicle
1000.0,nM,0.0132,2,Vehicle
1.0,uM,0.0157,3,Vehicle
10.0,uM,0.0237,1,Vehicle
10000.0,nM,0.0414,2,Vehicle
10.0,uM,1.19,3,Vehicle
100.0,uM,1.89,1,Vehicle
100.0,uM,0.0265,2,Vehicle
100.0,uM,0.0083,3,Vehicle
0.0,uM,0.7,1,DrugA
0.0,uM,2.61,2,DrugA
0.0,mM,0.002,3,DrugA
0.0001,mM,0.0,1,DrugA
0.1,uM,0.0,2,DrugA
0.1,uM,0.0,3,DrugA
0.001,mM,0.1166,1,DrugA
1.0,uM,14.79,2,DrugA
1.0,uM,0.1127,3,DrugA
10.0,uM,65.85,1,DrugA
10.0,uM,0.7116,2,DrugA
0.01,mM,0.6839,3,DrugA
100000.0,nM,96.4,1,DrugA
100.0,uM,0.9624,2,DrugA
100.0,uM,0.9879,3,DrugA
0.0,mM,0.0144,1,DrugB
0.0,uM,0.0,2,DrugB
0.0,uM,0.0,3,DrugB
100.0,nM,,1,DrugB
100.0,nM,0.0,2,DrugB
0.1,uM,2.39,3,DrugB
1000.0,nM,0.0,1,DrugB
1.0,uM,0.0,2,DrugB
1000.0,nM,0.0089,3,DrugB
10.0,uM,,1,DrugB
0.01,mM,35.13,2,DrugB
10.0,uM,0.3086,3,DrugB
100.0,uM,89.84,1,DrugB
100.0,uM,0.8377,2,DrugB
100.0,uM,0.8617,3,DrugB
0.0,uM,0.023,1,Vehicle
