formula,pred_formation_energy_eV_per_atom
E11.00E150.00,-2.820741
E150.07E10.93,-2.792544
E40.04E10.89E240.07,-2.680493
E90.03E10.95E120.01,-2.651275
E130.34E10.06E150.60,-2.650822
E130.18E70.04E10.79,-2.646533
E10.78E130.22,-2.633027
E130.22E10.78,-2.632387
E170.03E10.97,-2.615940
E100.14E10.86E220.00,-2.598334
E10.39E380.61,-2.583683
E60.01E140.07E10.92,-2.570239
E10.99E60.01,-2.569863
E200.11E150.02E10.87,-2.540697
E120.02E10.77E270.21,-2.539930
E380.78E10.22,-2.528486
E10.98E230.02,-2.519981
E380.98E150.02,-2.511502
E380.96E150.04,-2.511182
E300.23E60.01E10.76,-2.510690
