id,title,authority,source_type,host,edition,year,target,task_type,submit,review,award
D01,MathorCup 大数据竞赛章程（模拟）,0.98,official,中国优选法统筹法与经济数学研究会,第1届,2020,全国高校在校生（本科/研究生）,大数据分析,论文PDF+代码附件,双盲评审,一等奖5%/二等奖15%/三等奖30%
D02,第2届赛题说明（模拟）,0.95,official,中国优选法统筹法与经济数学研究会,第2届,2021,全国高校在校生,大数据建模,论文PDF+代码附件,双盲评审,一等奖5%/二等奖15%/三等奖30%
D03,第3届获奖公示（模拟）,0.93,official,中国优选法统筹法与经济数学研究会,第3届,2022,全国高校在校生,大数据算法,论文PDF+代码附件,双盲评审,一等奖5%/二等奖15%/三等奖30%
D04,第4届赛题说明（模拟）,0.92,official,中国优选法统筹法与经济数学研究会,第4届,2023,全国高校在校生,大数据分析,论文PDF+代码附件,双盲评审,一等奖5%/二等奖15%/三等奖30%
D05,第5届官方公告（模拟）,0.9,official,中国优选法统筹法与经济数学研究会,第5届,2024,全国高校在校生,大数据建模,论文PDF+代码附件,双盲评审,一等奖5%/二等奖15%/三等奖30%
D06,第5届获奖公示（模拟）,0.88,official,中国优选法统筹法与经济数学研究会,第5届,2024,全国高校在校生,大数据算法,论文PDF+代码附件,双盲评审,一等奖5%/二等奖15%/三等奖30%
D07,第6届赛题说明（模拟）,0.86,official,中国优选法统筹法与经济数学研究会,第6届,2025,全国高校在校生,大数据分析,论文PDF+代码附件,双盲评审,一等奖5%/二等奖15%/三等奖30%
D08,参赛者经验帖A（模拟）,0.55,experience,个人博客,第4届,2023,不限,大数据分析,论文PDF,感觉偏重创新性,获奖率约50%
D09,参赛者经验帖B（模拟）,0.5,experience,知乎,第5届,2024,不限,大数据建模,论文PDF+代码,评委看重可复现,一等奖很难
D10,参赛者经验帖C（模拟）,0.45,experience,CSDN,第3届,2022,不限,大数据算法,论文PDF,双盲,三等奖较易
D11,参赛者经验帖D（模拟）,0.4,experience,微信公众号,第2届,2021,不限,大数据分析,论文PDF,未知,未知
D12,参赛者经验帖E（模拟）,0.35,experience,贴吧,第1届,2020,不限,大数据建模,论文PDF,未知,未知
