章节,知识点,题型,出现年份,分值,掌握度
数据结构,线性表,大题,2016,2,4
数据结构,线性表,大题,2017,8,4
数据结构,线性表,选择题,2019,4,2
数据结构,线性表,选择题,2023,2,3
数据结构,线性表,大题,2024,2,4
数据结构,树与二叉树,大题,2016,4,5
数据结构,树与二叉树,选择题,2018,4,1
数据结构,树与二叉树,选择题,2019,10,4
数据结构,树与二叉树,选择题,2021,2,3
数据结构,树与二叉树,选择题,2022,6,3
数据结构,树与二叉树,选择题,2023,10,3
数据结构,图,大题,2016,4,5
数据结构,图,选择题,2017,2,4
数据结构,图,选择题,2018,8,1
数据结构,图,选择题,2023,2,1
数据结构,图,选择题,2024,6,3
数据结构,查找,选择题,2020,2,3
数据结构,查找,选择题,2021,10,5
数据结构,查找,选择题,2022,8,2
数据结构,查找,选择题,2023,2,3
数据结构,排序,大题,2016,2,1
数据结构,排序,选择题,2017,8,4
数据结构,排序,选择题,2018,10,3
数据结构,排序,选择题,2019,4,3
数据结构,排序,选择题,2020,6,4
数据结构,排序,选择题,2021,2,1
计算机组成原理,数据的表示,大题,2015,2,4
计算机组成原理,数据的表示,选择题,2017,2,1
计算机组成原理,数据的表示,选择题,2019,8,2
计算机组成原理,数据的表示,大题,2021,2,4
计算机组成原理,数据的表示,选择题,2023,2,3
计算机组成原理,运算器,选择题,2015,8,1
计算机组成原理,运算器,选择题,2016,6,1
计算机组成原理,运算器,选择题,2017,8,1
计算机组成原理,运算器,选择题,2020,2,1
计算机组成原理,运算器,大题,2022,2,1
计算机组成原理,运算器,选择题,2023,4,5
计算机组成原理,存储系统,选择题,2015,10,2
计算机组成原理,存储系统,选择题,2016,2,1
计算机组成原理,存储系统,选择题,2019,2,1
计算机组成原理,存储系统,选择题,2021,8,4
计算机组成原理,存储系统,大题,2023,10,2
计算机组成原理,存储系统,选择题,2024,4,2
计算机组成原理,指令系统,大题,2017,6,2
计算机组成原理,指令系统,选择题,2018,10,5
计算机组成原理,指令系统,选择题,2019,2,3
计算机组成原理,CPU,选择题,2015,2,4
计算机组成原理,CPU,选择题,2017,8,4
计算机组成原理,CPU,大题,2018,10,2
计算机组成原理,CPU,大题,2019,10,1
计算机组成原理,CPU,选择题,2020,8,5
计算机组成原理,CPU,选择题,2021,10,4
计算机组成原理,CPU,选择题,2023,10,1
计算机组成原理,CPU,选择题,2024,2,4
操作系统,进程管理,选择题,2015,10,4
操作系统,进程管理,大题,2017,2,4
操作系统,进程管理,选择题,2019,4,5
操作系统,进程管理,选择题,2020,2,3
操作系统,进程管理,大题,2023,4,1
操作系统,内存管理,选择题,2016,8,3
操作系统,内存管理,大题,2021,8,1
操作系统,内存管理,大题,2022,2,4
操作系统,内存管理,选择题,2023,8,4
操作系统,文件管理,选择题,2016,10,3
操作系统,文件管理,选择题,2019,2,2
操作系统,文件管理,选择题,2022,4,3
操作系统,文件管理,大题,2023,2,2
操作系统,文件管理,大题,2024,6,1
操作系统,I/O管理,选择题,2015,4,1
操作系统,I/O管理,选择题,2016,2,1
操作系统,I/O管理,选择题,2017,4,4
操作系统,I/O管理,选择题,2018,10,3
操作系统,I/O管理,选择题,2021,10,2
操作系统,I/O管理,选择题,2022,10,3
操作系统,I/O管理,选择题,2023,10,3
操作系统,I/O管理,大题,2024,2,1
计算机网络,体系结构,大题,2016,8,5
计算机网络,体系结构,选择题,2022,2,3
计算机网络,体系结构,选择题,2024,6,4
计算机网络,数据链路层,选择题,2015,4,3
计算机网络,数据链路层,选择题,2016,2,2
计算机网络,数据链路层,选择题,2017,4,2
计算机网络,数据链路层,大题,2019,6,5
计算机网络,数据链路层,选择题,2020,4,3
计算机网络,数据链路层,选择题,2024,2,2
计算机网络,网络层,选择题,2016,4,5
计算机网络,网络层,选择题,2017,6,1
计算机网络,网络层,大题,2019,8,1
计算机网络,传输层,选择题,2016,2,1
计算机网络,传输层,选择题,2018,2,3
计算机网络,传输层,选择题,2019,8,4
计算机网络,传输层,选择题,2021,2,5
计算机网络,传输层,选择题,2022,8,1
计算机网络,传输层,大题,2024,2,4
计算机网络,应用层,大题,2015,8,4
计算机网络,应用层,选择题,2016,4,2
计算机网络,应用层,选择题,2017,2,5
计算机网络,应用层,选择题,2018,2,4
计算机网络,应用层,选择题,2022,6,5
