prov,year,policy,neighbor_policy,ln_innov,rd_subsidy,gdp_pc
0,2008,0.0,-0.0046,1.3218,-0.2155,9.3887
0,2009,0.0,0.016,1.4467,0.2679,8.9836
0,2010,0.0,0.0466,0.9632,0.3837,9.0751
0,2011,0.0,-0.0628,1.2673,0.204,8.9195
0,2012,0.0,0.0351,1.2333,0.1454,8.8516
0,2013,0.0,0.0377,1.0045,0.0598,9.2998
0,2014,0.0,-0.0622,1.8673,-0.1311,9.5126
0,2015,0.0,-0.0078,1.6316,-0.0092,9.8177
0,2016,0.0,0.1689,1.2507,0.0111,9.4289
0,2017,0.0,0.7089,2.3569,-0.5311,9.5984
0,2018,0.0,0.944,2.1026,0.2901,9.4951
0,2019,1.0,1.001,3.3208,1.0196,9.6592
1,2008,0.0,-0.0747,0.3763,-0.0975,8.6298
1,2009,0.0,-0.0251,-0.086,0.284,8.8418
1,2010,0.0,0.0271,0.417,-0.1704,8.7732
1,2011,0.0,-0.0543,0.6966,0.1212,8.7138
1,2012,0.0,0.0191,1.7041,0.3645,9.2487
1,2013,0.0,0.0437,2.1949,-0.095,9.0915
1,2014,0.0,-0.114,1.2855,0.4594,9.0377
1,2015,0.0,0.0389,1.9472,-0.1765,9.4818
1,2016,0.0,0.2865,1.9583,0.4056,9.6182
1,2017,0.0,0.6569,1.9809,-0.1049,9.3754
1,2018,1.0,1.007,2.1758,0.1409,9.6958
1,2019,1.0,0.994,3.4376,0.9091,9.7226
2,2008,0.0,-0.0309,0.6863,-0.0647,8.649
2,2009,0.0,-0.0488,0.2213,0.6533,9.0744
2,2010,0.0,0.0188,1.0258,0.278,8.814
2,2011,0.0,0.0663,1.3721,-0.1122,8.8739
2,2012,0.0,0.0358,1.5771,-0.0272,9.3957
2,2013,0.0,0.0626,1.4348,0.2916,9.2607
2,2014,0.0,-0.0329,1.4422,0.1056,9.3804
2,2015,0.0,-0.0293,2.443,-0.1614,9.4081
2,2016,0.0,0.1713,2.3465,0.3817,9.4715
2,2017,0.0,0.7133,1.6404,-0.2509,9.7161
2,2018,1.0,0.8989,3.2348,0.3108,9.7811
2,2019,1.0,1.0427,3.5305,0.5794,9.5426
3,2008,0.0,0.004,0.6183,0.408,8.9039
3,2009,0.0,-0.0539,2.4044,0.1796,9.2025
3,2010,0.0,0.0219,1.676,-0.5283,9.0175
3,2011,0.0,-0.0969,1.5829,-0.0723,9.3386
3,2012,0.0,0.0467,2.1658,0.2302,9.59
3,2013,0.0,0.0262,2.1019,-0.2142,9.7831
3,2014,0.0,0.0079,2.7249,-0.2499,9.6434
3,2015,0.0,-0.0373,1.5346,0.1107,10.2714
3,2016,0.0,0.153,2.8357,0.456,9.7866
3,2017,1.0,0.6642,2.4716,0.5185,10.009
3,2018,1.0,0.9053,3.837,0.4183,10.2336
3,2019,1.0,1.012,3.3955,0.4118,10.1405
4,2008,0.0,0.0232,-0.3269,0.1811,8.6154
4,2009,0.0,-0.0373,0.0782,0.0192,8.7996
4,2010,0.0,0.0752,0.832,0.034,9.1337
4,2011,0.0,0.081,1.9664,-0.0955,8.9154
4,2012,0.0,0.0073,1.0368,0.3033,8.6722
4,2013,0.0,0.0348,1.1248,-0.013,8.9899
4,2014,0.0,-0.0844,1.5331,0.041,9.1774
4,2015,0.0,-0.0394,1.2159,0.3121,9.1095
4,2016,0.0,0.1534,1.2979,0.0433,9.263
4,2017,1.0,0.7838,1.7394,0.1864,9.1902
4,2018,1.0,0.973,2.4928,0.9412,9.1633
4,2019,1.0,1.025,2.0562,0.3334,9.7681
5,2008,0.0,-0.0687,1.6722,0.2799,9.2604
5,2009,0.0,-0.0268,2.0772,0.1075,8.7344
5,2010,0.0,0.0342,1.4274,0.1508,8.8724
5,2011,0.0,-0.0091,2.0124,-0.1645,9.4575
5,2012,0.0,-0.014,2.1082,0.0434,9.5157
5,2013,0.0,0.0276,1.6174,-0.1601,9.5656
5,2014,0.0,0.0254,2.6641,-0.5354,9.4435
5,2015,0.0,0.0466,3.217,0.6916,9.634
5,2016,0.0,0.1392,2.1211,0.4259,9.8099
5,2017,1.0,0.7204,3.0289,0.6582,9.7881
5,2018,1.0,1.0523,3.122,0.7748,9.7244
5,2019,1.0,0.9268,3.6087,0.4111,10.2014
6,2008,0.0,-0.0096,2.9271,-0.2798,9.3651
6,2009,0.0,-0.0857,2.6292,-0.3199,9.17
6,2010,0.0,-0.0405,2.3067,0.1251,9.7062
6,2011,0.0,0.0039,2.2443,-0.0336,9.2108
6,2012,0.0,0.004,2.6277,0.3168,9.5784
6,2013,0.0,-0.1325,2.2769,-0.3165,9.7597
6,2014,0.0,0.0607,3.371,-0.1502,10.1352
6,2015,0.0,0.0311,2.4299,-0.0121,9.8419
6,2016,0.0,0.1682,2.0332,-0.0178,9.9506
6,2017,1.0,0.6358,4.346,0.4911,9.8321
6,2018,1.0,0.8658,4.5289,0.1197,10.4071
6,2019,1.0,1.0287,3.802,0.0144,10.3153
7,2008,0.0,-0.0171,2.1631,0.1882,9.2707
7,2009,0.0,-0.0486,1.9855,0.0347,9.1578
7,2010,0.0,0.0215,1.6324,0.1853,9.3365
7,2011,0.0,0.0304,3.9099,-0.0419,9.2469
7,2012,0.0,-0.0343,2.2627,-0.1648,9.9616
7,2013,0.0,0.0619,3.4178,-0.1028,10.0198
7,2014,0.0,-0.0155,2.4899,0.2907,9.704
7,2015,0.0,0.0568,3.3693,-0.6384,9.9624
7,2016,0.0,0.1047,2.7598,-0.1378,9.7964
7,2017,1.0,0.7396,3.8493,0.5319,10.5136
7,2018,1.0,0.9473,3.4085,0.3056,10.2752
7,2019,1.0,0.9162,4.9849,0.1748,10.1992
8,2008,0.0,-0.0123,-0.442,-0.2572,8.6598
8,2009,0.0,0.017,1.0813,-0.5081,8.665
8,2010,0.0,0.0155,0.0325,-0.1973,8.8778
8,2011,0.0,-0.1153,1.0694,0.626,8.7325
8,2012,0.0,0.0315,0.6734,0.3286,9.3735
8,2013,0.0,-0.0793,0.7927,0.1454,8.7176
8,2014,0.0,0.0249,0.8972,-0.264,9.3921
8,2015,0.0,-0.0528,1.9312,0.0093,9.2253
8,2016,0.0,0.0886,2.484,-1.1791,9.4378
8,2017,1.0,0.663,2.156,0.9597,9.5476
8,2018,1.0,0.8917,1.8369,0.3586,9.508
8,2019,1.0,1.0029,2.3178,0.0601,9.4065
9,2008,0.0,-0.0035,1.8358,-0.357,9.4105
9,2009,0.0,-0.0596,2.0518,-0.1871,9.0811
9,2010,0.0,0.0439,2.3833,0.0535,9.2465
9,2011,0.0,0.0159,3.1298,0.2589,9.1072
9,2012,0.0,0.0255,2.3583,-0.2974,9.6965
9,2013,0.0,-0.0747,2.1141,0.573,9.2641
9,2014,0.0,0.047,2.2915,-0.328,9.8683
9,2015,0.0,0.0696,2.0594,0.9165,9.8926
9,2016,1.0,0.1604,3.7486,0.7768,10.4963
9,2017,1.0,0.7323,3.625,0.7592,10.1376
9,2018,1.0,1.0081,3.9953,0.8877,9.8578
9,2019,1.0,1.0073,4.9901,0.7708,10.5103
10,2008,0.0,-0.0427,1.6053,-0.3518,9.3523
10,2009,0.0,-0.0227,1.8857,0.048,9.0305
10,2010,0.0,0.0652,1.2167,-0.2316,9.445
10,2011,0.0,0.0243,1.4872,0.1826,9.4175
10,2012,0.0,0.0246,2.0363,-0.3168,9.4277
10,2013,0.0,-0.0766,2.6489,0.003,9.13
10,2014,0.0,0.0436,2.4677,-0.0022,9.4031
10,2015,0.0,-0.0142,2.4971,-0.2327,9.9654
10,2016,0.0,0.1325,3.1484,0.1472,9.6851
10,2017,0.0,0.6665,2.5589,-0.4127,9.842
10,2018,1.0,0.9717,2.8999,0.3718,9.994
10,2019,1.0,0.992,4.0298,0.2342,10.6866
11,2008,0.0,-0.0764,1.8928,0.2315,9.3397
11,2009,0.0,0.0519,1.8934,-0.2946,9.3377
11,2010,0.0,-0.0355,2.9114,-0.0515,9.3612
11,2011,0.0,0.0111,2.8672,0.1091,9.8574
11,2012,0.0,-0.06,1.9126,0.555,9.5896
11,2013,0.0,0.0079,3.8369,0.0138,9.8406
11,2014,0.0,0.0269,4.1098,0.0791,9.7643
11,2015,0.0,-0.01,3.1891,-0.0354,9.9889
11,2016,0.0,0.1806,2.4883,-0.256,9.909
11,2017,0.0,0.6278,3.6417,0.1419,10.0159
11,2018,1.0,0.9329,4.1392,-0.1715,10.3866
11,2019,1.0,1.0278,3.6697,0.7071,10.4205
12,2008,0.0,-0.029,1.6647,0.4882,9.1616
12,2009,0.0,0.003,1.3836,0.1597,8.967
12,2010,0.0,-0.0885,2.4631,0.1654,8.8479
12,2011,0.0,-0.0327,1.6665,-0.0779,9.2291
12,2012,0.0,0.0657,1.9975,0.1359,9.3317
12,2013,0.0,-0.0549,2.3988,-0.1438,9.628
12,2014,0.0,0.0026,2.2667,0.2131,9.3383
12,2015,0.0,-0.0045,2.5513,-0.3372,10.0917
12,2016,0.0,0.1332,1.7208,-0.2668,9.5573
12,2017,0.0,0.6208,3.361,0.2684,10.0295
12,2018,0.0,1.0098,2.0398,0.1049,9.7978
12,2019,1.0,1.0798,3.3407,0.8897,10.2748
13,2008,0.0,-0.0449,1.6334,0.2725,8.8019
13,2009,0.0,0.0326,2.0158,-0.1988,9.3471
13,2010,0.0,-0.0204,2.3453,0.3308,9.763
13,2011,0.0,0.0407,1.5537,-0.0626,9.3413
13,2012,0.0,0.0749,2.0739,-0.0448,9.5651
13,2013,0.0,-0.0208,3.224,0.3403,9.8981
13,2014,0.0,0.1002,2.2515,-0.4767,9.7022
13,2015,0.0,0.0288,3.2484,-0.0292,10.121
13,2016,1.0,0.1379,3.2895,0.5665,9.921
13,2017,1.0,0.5978,3.5194,0.6714,9.9325
13,2018,1.0,0.9782,4.0189,0.82,9.947
13,2019,1.0,0.9482,3.8164,0.7427,10.2044
14,2008,0.0,0.0375,1.1633,-0.279,9.0603
14,2009,0.0,-0.063,0.6639,0.1208,8.518
14,2010,0.0,0.0297,1.4615,-0.0329,8.6486
14,2011,0.0,-0.0148,2.3838,-0.0605,9.2972
14,2012,0.0,-0.0401,2.0869,0.0226,9.3741
14,2013,0.0,-0.0076,1.5795,-0.1495,9.4537
14,2014,0.0,-0.0169,1.8091,0.4455,9.5684
14,2015,0.0,-0.0088,2.325,0.225,9.561
14,2016,0.0,0.1612,2.6526,-0.4643,9.4794
14,2017,1.0,0.6746,2.3713,0.0692,9.7814
14,2018,1.0,0.8338,2.6863,-0.1447,9.7612
14,2019,1.0,1.0326,2.7121,0.3287,10.2776
15,2008,0.0,0.0,1.3431,-0.032,9.135
15,2009,0.0,0.0444,0.8765,-0.4979,8.9781
15,2010,0.0,-0.0295,1.3601,0.1572,9.222
15,2011,0.0,0.1012,2.3131,0.2278,9.3004
15,2012,0.0,0.08,2.7953,-0.314,9.2351
15,2013,0.0,-0.0064,2.3676,0.2898,9.4874
15,2014,0.0,-0.0561,2.3193,0.1552,9.3487
15,2015,0.0,-0.0487,3.0445,-0.0023,9.8631
15,2016,0.0,0.2439,2.7437,0.6472,9.8881
15,2017,0.0,0.6432,2.6482,-0.0715,9.8231
15,2018,1.0,0.9933,3.6573,0.1541,9.9696
15,2019,1.0,0.9603,2.912,0.5075,10.2353
16,2008,0.0,-0.0151,1.7902,-0.4834,9.8135
16,2009,0.0,0.0828,1.9327,0.4882,9.4677
16,2010,0.0,0.0069,1.6626,0.4279,9.4703
16,2011,0.0,0.0131,1.4705,-0.4515,9.8936
16,2012,0.0,-0.0521,3.3697,-0.1511,9.5151
16,2013,0.0,0.0441,2.8728,0.0319,10.0836
16,2014,0.0,-0.062,3.2062,-0.2392,9.7934
16,2015,0.0,0.007,3.3098,0.2812,9.8561
16,2016,0.0,0.1945,3.0824,0.0842,10.2408
16,2017,0.0,0.6857,2.2474,-0.1296,10.0727
16,2018,1.0,0.9341,3.4659,1.073,10.199
16,2019,1.0,1.034,4.4538,0.4489,10.5111
17,2008,0.0,-0.1278,0.7821,0.2039,8.882
17,2009,0.0,-0.045,1.9116,0.3213,9.4008
17,2010,0.0,0.0364,1.2509,-0.3138,9.0151
17,2011,0.0,-0.0246,1.6764,0.0748,9.076
17,2012,0.0,0.0428,1.8615,-0.6064,9.522
17,2013,0.0,0.0031,1.944,0.5719,9.5834
17,2014,0.0,-0.0784,1.9714,0.551,9.6956
17,2015,0.0,0.0329,2.5993,0.101,10.2652
17,2016,0.0,0.1671,1.516,-0.0854,10.1614
17,2017,1.0,0.6469,3.4064,0.3581,10.0852
17,2018,1.0,1.0278,3.5355,0.3102,10.004
17,2019,1.0,0.9984,3.49,0.3819,10.1085
18,2008,0.0,-0.0361,2.2627,-0.2962,9.1606
18,2009,0.0,-0.0186,2.449,0.4757,9.1817
18,2010,0.0,-0.0035,1.6339,-0.304,9.3874
18,2011,0.0,-0.0049,2.4984,-0.1403,9.4106
18,2012,0.0,0.0034,1.797,-0.3573,9.4869
18,2013,0.0,-0.0368,1.7679,-0.2933,9.7831
18,2014,0.0,-0.0408,3.3852,-0.0055,9.749
18,2015,0.0,0.116,4.4873,-0.0072,9.6415
18,2016,1.0,0.2105,2.4824,0.7262,9.9413
18,2017,1.0,0.6276,2.9641,0.7274,10.417
18,2018,1.0,0.979,2.6538,0.2394,10.0952
18,2019,1.0,0.9561,3.7794,0.3554,10.4187
19,2008,0.0,0.0251,0.6685,0.1861,9.0482
19,2009,0.0,0.0307,0.8951,0.0691,9.2287
19,2010,0.0,0.05,1.7033,-0.4146,8.7778
19,2011,0.0,-0.0472,2.2112,-0.6667,9.354
19,2012,0.0,0.0154,3.0869,-0.4655,9.3347
19,2013,0.0,-0.0136,2.7136,-0.5272,9.3133
19,2014,0.0,0.0951,2.8427,-0.0242,10.0495
19,2015,0.0,0.0359,2.651,0.257,9.4763
19,2016,0.0,0.199,2.6839,0.5135,9.4907
19,2017,1.0,0.6199,3.798,-0.3254,9.9202
19,2018,1.0,0.9458,3.9771,0.2276,10.3637
19,2019,1.0,1.0361,3.5167,0.6339,10.0582
20,2008,0.0,0.0621,1.1389,0.5299,8.9462
20,2009,0.0,0.0051,-0.2267,0.1394,8.9445
20,2010,0.0,-0.008,1.5601,0.0136,9.4354
20,2011,0.0,0.0495,2.2793,0.3361,9.3827
20,2012,0.0,0.0385,3.5574,-0.8188,9.6552
20,2013,0.0,-0.0443,1.2282,-0.0963,9.6446
20,2014,0.0,-0.0202,1.4325,0.0066,9.5934
20,2015,0.0,0.0088,2.6811,-0.3059,9.7519
20,2016,0.0,0.1771,3.4064,-0.3707,9.593
20,2017,1.0,0.6879,2.8158,0.4321,9.4475
20,2018,1.0,0.9183,3.5698,0.3349,10.0845
20,2019,1.0,0.9548,2.953,0.4028,10.6619
21,2008,0.0,-0.0648,2.7947,-0.6312,9.1426
21,2009,0.0,-0.0366,2.2126,-0.0865,9.334
21,2010,0.0,-0.0168,2.5641,-0.2133,9.8139
21,2011,0.0,0.0325,2.3655,-0.1534,9.7257
21,2012,0.0,-0.0197,3.0892,-0.0983,9.7292
21,2013,0.0,-0.0607,3.7117,-0.2456,10.2412
21,2014,0.0,0.0107,3.454,-0.3777,9.9868
21,2015,0.0,0.046,2.5106,-0.3429,10.5223
21,2016,1.0,0.0441,3.5454,0.6039,9.9183
21,2017,1.0,0.7566,5.0281,0.822,10.5242
21,2018,1.0,0.9342,3.6607,0.8503,10.4652
21,2019,1.0,0.9562,5.0029,0.1347,10.7119
22,2008,0.0,0.0186,1.6963,-0.2581,9.3168
22,2009,0.0,0.0646,1.4545,0.0427,9.2361
22,2010,0.0,0.0027,1.7968,0.0826,9.4186
22,2011,0.0,-0.0918,1.659,-0.3179,9.2968
22,2012,0.0,-0.0289,1.9551,-0.08,9.7761
22,2013,0.0,-0.0257,3.6889,0.1435,9.5025
22,2014,0.0,-0.0341,2.4216,0.2419,9.7352
22,2015,0.0,-0.009,2.8658,0.3207,9.8737
22,2016,0.0,0.1995,3.4342,0.1721,10.2168
22,2017,0.0,0.7014,2.5048,-0.3617,9.9746
22,2018,1.0,0.8708,3.8889,0.6689,10.2213
22,2019,1.0,1.028,3.9069,0.024,10.3256
23,2008,0.0,-0.0507,1.8246,-0.1654,9.4404
23,2009,0.0,0.03,2.641,0.3816,9.3459
23,2010,0.0,-0.0124,1.8289,0.3107,9.4969
23,2011,0.0,-0.0366,2.2143,0.2195,9.3478
23,2012,0.0,-0.0339,2.5815,-0.1857,9.4923
23,2013,0.0,0.1121,2.5061,-0.3156,9.6376
23,2014,0.0,0.0162,1.8822,0.0848,9.2756
23,2015,0.0,-0.0142,3.2429,0.259,9.9216
23,2016,0.0,0.1848,3.0071,0.221,10.1169
23,2017,1.0,0.6625,3.9608,0.4761,10.1198
23,2018,1.0,1.0178,3.9175,0.1304,10.3832
23,2019,1.0,1.0382,3.534,0.8508,10.1189
24,2008,0.0,-0.0504,2.5501,0.2748,9.6121
24,2009,0.0,-0.0481,2.066,0.4958,9.6907
24,2010,0.0,-0.0396,2.1782,0.4747,9.6115
24,2011,0.0,0.0096,2.8401,-0.0154,9.7881
24,2012,0.0,-0.0533,1.5802,0.2153,9.5698
24,2013,0.0,0.0075,2.8447,-0.2818,9.9132
24,2014,0.0,-0.026,3.0988,0.1103,9.7312
24,2015,0.0,0.0739,2.6364,-0.7336,10.1791
24,2016,0.0,0.1706,3.9258,-0.2657,9.9339
24,2017,1.0,0.7285,3.513,0.3965,10.2962
24,2018,1.0,0.8621,3.013,0.5638,10.2099
24,2019,1.0,0.9439,3.3967,0.7291,10.4827
25,2008,0.0,-0.0703,0.1879,0.1808,8.4199
25,2009,0.0,0.0541,0.8752,-0.0894,8.6214
25,2010,0.0,0.0352,0.7873,0.1569,8.7896
25,2011,0.0,-0.0003,0.8324,-0.2871,8.8975
25,2012,0.0,0.0414,1.2514,-0.277,8.7648
25,2013,0.0,-0.0653,0.964,0.3333,8.7826
25,2014,0.0,0.026,2.5037,0.405,9.1453
25,2015,0.0,0.033,1.8263,-0.0135,9.1943
25,2016,1.0,0.1291,2.6339,0.0762,9.0951
25,2017,1.0,0.6571,2.9315,0.3481,9.3839
25,2018,1.0,0.9728,2.1513,0.9379,9.281
25,2019,1.0,1.0936,2.1256,0.1045,9.6096
26,2008,0.0,-0.0459,2.0305,0.463,9.1986
26,2009,0.0,0.1274,1.9029,0.2536,9.2373
26,2010,0.0,-0.0722,1.8273,0.2772,9.4782
26,2011,0.0,0.0504,2.144,-0.2205,9.7995
26,2012,0.0,-0.0647,1.1412,-0.1326,9.5885
26,2013,0.0,0.047,1.8195,0.1191,9.5151
26,2014,0.0,-0.0249,2.609,0.1572,9.7957
26,2015,0.0,0.0438,2.2091,0.1748,9.3855
26,2016,0.0,0.195,3.5888,-0.1473,9.7875
26,2017,1.0,0.6931,3.0242,0.1753,10.0566
26,2018,1.0,1.0417,3.1295,0.1318,10.1406
26,2019,1.0,1.0184,3.8516,0.3286,10.6381
27,2008,0.0,0.0704,2.6113,0.0242,9.4114
27,2009,0.0,-0.0656,3.0857,0.0677,9.7489
27,2010,0.0,0.0533,2.3041,-0.082,9.7018
27,2011,0.0,0.0495,2.8493,-0.3349,9.6099
27,2012,0.0,0.0635,3.224,-0.1999,9.7352
27,2013,0.0,0.0484,2.7412,-0.0294,9.8623
27,2014,0.0,-0.0364,3.0482,-0.0142,10.1481
27,2015,0.0,-0.0319,3.9615,0.3558,10.195
27,2016,0.0,0.0696,3.5254,-0.1544,10.3878
27,2017,1.0,0.6128,4.0732,0.1718,10.4895
27,2018,1.0,0.9925,3.6806,0.5213,10.3097
27,2019,1.0,1.0242,4.2815,1.2371,10.7147
28,2008,0.0,-0.0357,1.3645,0.1641,9.1316
28,2009,0.0,-0.0384,2.4879,0.2242,9.022
28,2010,0.0,0.0214,2.3413,-0.5058,9.4274
28,2011,0.0,0.0262,1.7977,0.4558,8.9996
28,2012,0.0,0.0935,1.5159,0.4946,9.457
28,2013,0.0,-0.0684,2.1218,-0.204,9.3396
28,2014,0.0,-0.057,2.1023,-0.1458,9.7886
28,2015,0.0,0.0846,2.5183,0.1593,9.6462
28,2016,0.0,0.2068,2.3942,-0.2778,10.3065
28,2017,1.0,0.5699,3.6734,0.8932,9.6797
28,2018,1.0,0.8461,2.9929,0.5,9.9593
28,2019,1.0,1.0007,3.5997,0.9828,10.3126
29,2008,0.0,-0.0519,0.6359,0.4259,8.7062
29,2009,0.0,0.0752,0.778,0.1511,8.6527
29,2010,0.0,0.0582,0.5235,-0.3805,8.7727
29,2011,0.0,0.0352,-0.053,-0.0476,8.7094
29,2012,0.0,0.0203,1.223,0.4213,9.1064
29,2013,0.0,-0.0023,0.854,-0.6974,9.0615
29,2014,0.0,0.0215,1.3923,-0.2032,9.2361
29,2015,0.0,0.043,1.3085,-0.2217,9.4386
29,2016,0.0,0.1684,1.7177,0.0163,9.8611
29,2017,0.0,0.6429,2.3412,0.0283,9.7125
29,2018,1.0,0.9249,1.6217,0.0979,9.4149
29,2019,1.0,0.9318,2.9789,0.9458,9.7658
